id,nombre,precio,stock
1,Cargador,437.45,74
2,Funda,640.54,71
3,Notebook,378.71,93
4,Tablet,759.66,57
5,Cargador,554.27,17
6,Notebook,585.68,46
7,Notebook,337.82,37
8,Tablet,161.9,87
9,Funda,537.59,87
10,Funda,387.53,73
11,Tablet,701.36,3
12,Celular,673.24,50
13,Funda,470.09,63
14,Celular,68.04,63
15,Funda,524.72,60
16,Cargador,515.6,52
17,Funda,576.94,48
18,Celular,313.49,51
19,Funda,498.89,6
20,Celular,306.61,63
21,Funda,657.48,93
22,Tablet,286.35,1
23,Tablet,363.74,24
24,Notebook,446.33,22
25,Tablet,280.14,88
26,Tablet,618.06,48
27,Tablet,461.4,34
28,Tablet,220.34,22
29,Notebook,757.66,39
30,Funda,16.27,18
31,Tablet,500.29,63
32,Notebook,235.61,74
33,Notebook,40.12,88
34,Cargador,524.5,17
35,Celular,668.48,7
36,Tablet,525.25,27
37,Notebook,717.97,86
38,Cargador,247.14,78
39,Tablet,82.95,2
40,Tablet,437.48,50
41,Cargador,671.65,16
42,Funda,513.59,43
43,Notebook,120.27,79
44,Tablet,265.66,11
45,Cargador,630.02,77
46,Funda,797.56,13
47,Celular,794.84,94
48,Funda,746.64,38
49,Notebook,758.57,0
50,Cargador,362.64,71
51,Tablet,320.96,26
52,Celular,395.35,92
53,Notebook,54.28,76
54,Funda,193.36,94
55,Tablet,683.23,88
56,Celular,498.55,54
57,Celular,521.75,16
58,Tablet,437.55,62
59,Notebook,467.6,73
60,Tablet,225.12,56
61,Cargador,399.75,53
62,Funda,18.49,39
63,Cargador,375.63,18
64,Tablet,430.67,64
65,Cargador,662.44,78
66,Notebook,85.31,68
67,Notebook,314.26,58
68,Celular,224.58,50
69,Celular,199.71,99
70,Tablet,776.26,53
71,Cargador,344.91,43
72,Funda,256.8,47
73,Celular,297.39,50
74,Notebook,507.45,47
75,Notebook,450.93,87
76,Tablet,146.05,94
77,Tablet,555.42,54
78,Cargador,676.52,74
79,Notebook,140.55,65
80,Notebook,501.73,3
81,Funda,764.27,44
82,Celular,129.66,11
83,Funda,536.61,52
84,Cargador,293.08,56
85,Cargador,686.21,40
86,Notebook,173.59,14
87,Cargador,653.14,38
88,Funda,738.83,99
89,Cargador,299.96,97
90,Funda,417.1,13
91,Funda,45.64,46
92,Funda,19.39,61
93,Tablet,714.99,5
94,Notebook,355.18,61
95,Funda,758.26,14
96,Celular,432.83,77
97,Notebook,446.91,65
98,Celular,422.88,92
99,Funda,302.2,47
100,Tablet,431.49,76
101,Tablet,684.95,13
102,Notebook,706.2,5
103,Celular,771.12,22
104,Funda,488.21,41
105,Funda,600.24,6
106,Notebook,628.7,15
107,Funda,207.67,30
108,Tablet,684.25,46
109,Funda,757.21,99
110,Tablet,437.59,92
111,Notebook,743.58,32
112,Celular,420.17,18
113,Cargador,199.71,29
114,Tablet,314.87,71
115,Celular,255.72,3
116,Funda,395.08,0
117,Funda,697.5,50
118,Celular,239.43,69
119,Celular,594.07,40
120,Notebook,796.83,35
121,Tablet,415.79,51
122,Celular,763.41,15
123,Celular,166.57,49
124,Notebook,339.35,8
125,Tablet,305.82,67
126,Celular,769.89,65
127,Funda,723.12,34
128,Notebook,486.45,34
129,Tablet,350.51,85
130,Celular,507.91,38
131,Tablet,389.08,2
132,Funda,334.46,45
133,Celular,186.96,58
134,Notebook,581.22,17
135,Notebook,481.07,33
136,Tablet,490.86,92
137,Notebook,313.77,8
138,Tablet,195.62,44
139,Cargador,316.18,5
140,Tablet,777.04,9
141,Tablet,392.04,41
142,Funda,335.43,50
143,Funda,454.25,73
144,Cargador,676.66,77
145,Notebook,181.53,62
146,Cargador,401.55,7
147,Notebook,244.95,32
148,Cargador,585.99,79
149,Tablet,646.96,66
150,Celular,390.06,41
151,Funda,278.46,77
152,Notebook,418.35,76
153,Notebook,68.21,48
154,Cargador,291.59,91
155,Tablet,572.51,13
156,Tablet,159.11,75
157,Notebook,417.56,1
158,Notebook,96.07,32
159,Funda,139.8,27
160,Celular,208.06,9
161,Cargador,385.88,36
162,Funda,383.75,7
163,Celular,143.48,54
164,Notebook,18.84,11
165,Cargador,274.29,89
166,Cargador,532.11,36
167,Tablet,133.4,80
168,Celular,546.9,58
169,Funda,93.92,76
170,Cargador,729.96,63
171,Notebook,605.16,23
172,Notebook,743.71,32
173,Funda,782.83,65
174,Celular,520.01,79
175,Funda,267.47,75
176,Celular,167.1,73
177,Notebook,778.57,62
178,Cargador,387.27,17
179,Notebook,461.98,86
180,Notebook,566.85,65
181,Funda,582.18,5
182,Celular,41.53,76
183,Tablet,189.65,59
184,Notebook,34.27,44
185,Funda,94.55,92
186,Cargador,662.17,29
187,Notebook,24.23,56
188,Tablet,462.73,56
189,Celular,765.65,67
190,Funda,637.84,53
191,Funda,70.61,17
192,Cargador,773.94,12
193,Cargador,573.09,52
194,Cargador,525.49,82
195,Cargador,272.31,93
196,Celular,763.28,19
197,Cargador,139.28,60
198,Cargador,509.41,57
199,Funda,668.02,33
200,Cargador,293.65,61
201,Celular,307.85,88
202,Funda,729.13,73
203,Funda,246.91,79
204,Notebook,643.23,32
205,Cargador,607.94,60
206,Cargador,506.64,70
207,Notebook,230.92,18
208,Cargador,703.72,34
209,Tablet,201.97,73
210,Notebook,399.69,38
211,Celular,105.67,71
212,Celular,160.79,22
213,Celular,298.67,99
214,Notebook,433.06,15
215,Celular,309.82,54
216,Tablet,177.3,27
217,Funda,699.76,23
218,Notebook,722.83,26
219,Funda,655.68,11
220,Funda,520.29,60
221,Tablet,330.46,30
222,Cargador,203.62,61
223,Tablet,549.03,97
224,Funda,568.47,73
225,Tablet,64.26,44
226,Celular,388.66,80
227,Tablet,456.47,23
228,Notebook,627.27,64
229,Notebook,759.47,71
230,Celular,198.52,17
231,Funda,767.21,64
232,Tablet,306.33,12
233,Notebook,210.49,84
234,Notebook,197.77,38
235,Cargador,368.09,76
236,Tablet,101.57,37
237,Notebook,351.32,37
238,Funda,54.23,83
239,Cargador,453.23,43
240,Celular,537.37,87
241,Cargador,102.41,77
242,Funda,28.56,13
243,Funda,429.16,43
244,Cargador,307.94,90
245,Notebook,233.94,27
246,Notebook,319.6,46
247,Notebook,320.92,68
248,Funda,427.79,4
249,Tablet,99.44,98
250,Funda,133.16,31
251,Tablet,127.46,58
252,Celular,299.14,89
253,Celular,328.92,41
254,Funda,96.69,63
255,Cargador,258.69,96
256,Funda,260.5,82
257,Funda,12.83,54
258,Notebook,328.65,87
259,Cargador,344.5,39
260,Celular,667.34,71
261,Funda,90.01,36
262,Cargador,71.35,39
263,Funda,174.99,70
264,Celular,672.99,16
265,Cargador,445.64,10
266,Notebook,680.48,25
267,Celular,684.69,47
268,Tablet,100.29,11
269,Cargador,304.76,78
270,Celular,224.38,63
271,Notebook,397.05,43
272,Tablet,254.72,93
273,Funda,716.54,41
274,Tablet,426.19,23
275,Cargador,785.1,33
276,Cargador,646.11,88
277,Tablet,678.91,46
278,Celular,636.52,25
279,Notebook,729.95,45
280,Celular,468.59,30
281,Funda,555.68,94
282,Notebook,538.6,86
283,Celular,737.42,25
284,Funda,313.15,96
285,Cargador,163.01,37
286,Funda,70.92,6
287,Cargador,607.65,22
288,Notebook,455.61,29
289,Funda,772.37,83
290,Celular,516.51,31
291,Celular,356.39,87
292,Funda,462.53,97
293,Tablet,502.05,53
294,Celular,399.77,15
295,Tablet,798.82,83
296,Tablet,748.3,86
297,Tablet,412.13,15
298,Notebook,574.63,78
299,Funda,222.92,35
300,Funda,445.74,6
301,Celular,513.15,1
302,Celular,436.39,8
303,Cargador,462.55,82
304,Tablet,659.2,11
305,Funda,728.03,78
306,Notebook,468.32,80
307,Notebook,390.6,92
308,Cargador,603.49,39
309,Celular,182.91,6
310,Funda,271.31,26
311,Tablet,261.14,73
312,Cargador,509.98,76
313,Tablet,22.75,64
314,Tablet,798.13,34
315,Celular,445.13,26
316,Funda,146.09,82
317,Notebook,140.43,38
318,Cargador,190.53,91
319,Notebook,133.63,8
320,Funda,701.3,18
321,Celular,419.52,24
322,Cargador,264.66,5
323,Tablet,205.86,55
324,Tablet,421.64,45
325,Funda,526.02,2
326,Funda,714.12,24
327,Notebook,616.53,47
328,Celular,301.45,57
329,Tablet,286.51,39
330,Cargador,347.75,79
331,Notebook,22.87,37
332,Tablet,184.45,51
333,Notebook,414.06,9
334,Celular,632.77,37
335,Celular,156.17,8
336,Funda,441.2,69
337,Cargador,640.57,15
338,Celular,267.62,56
339,Celular,149.57,66
340,Celular,439.73,37
341,Notebook,576.86,22
342,Celular,209.2,75
343,Notebook,567.26,18
344,Funda,243.24,6
345,Tablet,256.27,77
346,Notebook,523.63,71
347,Celular,337.9,34
348,Cargador,660.61,40
349,Notebook,278.35,52
350,Funda,30.02,24
351,Cargador,469.31,49
352,Cargador,531.84,6
353,Cargador,516.75,32
354,Notebook,13.66,66
355,Cargador,483.22,12
356,Tablet,352.58,58
357,Celular,45.02,86
358,Notebook,559.28,32
359,Tablet,426.07,48
360,Funda,289.2,45
361,Celular,514.37,55
362,Cargador,662.3,32
363,Funda,718.06,26
364,Funda,519.66,15
365,Celular,751.62,59
366,Tablet,658.92,56
367,Celular,131.64,30
368,Notebook,98.4,66
369,Cargador,429.68,27
370,Cargador,618.17,93
371,Celular,618.59,20
372,Notebook,139.25,48
373,Notebook,674.41,38
374,Notebook,506.06,22
375,Notebook,684.67,64
376,Celular,685.63,61
377,Funda,769.43,84
378,Notebook,131.8,87
379,Funda,47.09,67
380,Tablet,421.09,69
381,Celular,558.8,66
382,Tablet,30.7,7
383,Celular,336.93,15
384,Funda,60.44,25
385,Tablet,664.29,94
386,Cargador,421.34,62
387,Tablet,748.12,27
388,Tablet,107.68,93
389,Celular,544.66,18
390,Funda,209.17,90
391,Tablet,366.36,84
392,Notebook,595.22,73
393,Celular,310.32,79
394,Tablet,531.83,36
395,Celular,477.39,0
396,Notebook,239.04,12
397,Notebook,495.34,23
398,Cargador,424.3,97
399,Funda,67.81,9
400,Tablet,710.44,46
401,Notebook,689.92,86
402,Funda,661.95,75
403,Notebook,133.81,74
404,Cargador,787.49,5
405,Celular,560.08,69
406,Funda,452.91,42
407,Cargador,154.51,3
408,Celular,751.09,33
409,Funda,580.12,99
410,Celular,175.61,76
411,Funda,99.55,20
412,Notebook,293.19,57
413,Notebook,224.21,1
414,Funda,727.44,66
415,Celular,403.38,79
416,Celular,776.31,99
417,Funda,785.12,77
418,Celular,262.68,61
419,Cargador,37.58,77
420,Notebook,12.72,78
421,Notebook,315.02,85
422,Funda,260.53,50
423,Cargador,278.48,85
424,Funda,194.06,16
425,Cargador,376.17,1
426,Cargador,589.25,21
427,Funda,294.85,57
428,Notebook,723.55,22
429,Cargador,484.76,16
430,Tablet,96.91,67
431,Funda,144.55,37
432,Funda,54.88,60
433,Cargador,155.3,78
434,Celular,361.59,80
435,Celular,151.78,90
436,Celular,635.92,0
437,Celular,111.46,37
438,Celular,341.0,76
439,Notebook,541.07,80
440,Celular,638.19,81
441,Tablet,738.82,7
442,Celular,510.62,60
443,Cargador,633.33,92
444,Notebook,253.49,23
445,Notebook,87.02,12
446,Tablet,705.27,50
447,Tablet,727.77,15
448,Cargador,477.17,63
449,Cargador,694.6,8
450,Cargador,528.92,2
451,Tablet,706.99,42
452,Cargador,199.21,17
453,Cargador,744.16,15
454,Cargador,462.46,50
455,Tablet,104.55,25
456,Cargador,500.77,63
457,Notebook,279.88,51
458,Funda,712.42,54
459,Notebook,741.18,27
460,Celular,743.12,44
461,Funda,182.11,58
462,Funda,549.55,79
463,Celular,581.02,4
464,Notebook,251.38,11
465,Cargador,323.44,36
466,Celular,217.2,21
467,Funda,365.06,92
468,Notebook,436.82,9
469,Funda,77.09,90
470,Celular,54.54,21
471,Cargador,396.89,12
472,Funda,428.01,45
473,Celular,191.81,97
474,Funda,291.68,28
475,Tablet,530.45,39
476,Cargador,39.73,2
477,Funda,516.38,47
478,Cargador,778.66,70
479,Notebook,271.67,50
480,Cargador,311.94,18
481,Notebook,786.72,91
482,Funda,32.09,92
483,Cargador,539.35,36
484,Notebook,504.79,82
485,Cargador,46.63,73
486,Tablet,505.91,56
487,Funda,527.79,65
488,Funda,212.24,4
489,Celular,526.54,47
490,Celular,290.91,38
491,Funda,756.55,79
492,Celular,227.83,75
493,Tablet,722.57,18
494,Celular,470.88,49
495,Cargador,560.34,63
496,Tablet,799.0,70
497,Cargador,775.88,54
498,Cargador,72.94,42
499,Notebook,223.41,69
500,Funda,22.46,41
501,Cargador,644.17,20
502,Cargador,746.52,16
503,Cargador,436.02,0
504,Cargador,551.24,39
505,Notebook,159.0,67
506,Celular,759.0,35
507,Cargador,791.51,21
508,Tablet,200.44,86
509,Cargador,747.61,51
510,Celular,793.55,90
511,Cargador,71.53,64
512,Celular,423.04,3
513,Celular,794.14,8
514,Notebook,652.62,59
515,Funda,431.28,1
516,Notebook,354.67,9
517,Tablet,97.62,61
518,Cargador,738.47,24
519,Notebook,421.17,37
520,Notebook,168.42,95
521,Notebook,221.0,70
522,Tablet,211.44,51
523,Celular,750.58,82
524,Funda,199.75,83
525,Funda,192.4,73
526,Celular,769.55,5
527,Notebook,233.1,57
528,Tablet,188.46,18
529,Notebook,704.24,45
530,Notebook,327.87,62
531,Celular,170.52,86
532,Funda,331.09,78
533,Cargador,99.22,86
534,Notebook,539.26,66
535,Celular,600.19,50
536,Tablet,108.03,21
537,Cargador,153.37,93
538,Cargador,767.93,72
539,Tablet,241.92,70
540,Funda,298.54,76
541,Funda,110.29,80
542,Funda,506.74,36
543,Notebook,103.18,68
544,Tablet,29.65,36
545,Notebook,350.05,76
546,Tablet,82.06,44
547,Celular,487.29,47
548,Celular,436.94,44
549,Funda,579.68,51
550,Celular,774.65,20
551,Funda,768.0,2
552,Notebook,25.5,46
553,Celular,467.23,76
554,Funda,776.13,36
555,Funda,444.57,45
556,Tablet,369.69,14
557,Tablet,269.06,24
558,Tablet,544.35,84
559,Tablet,727.7,71
560,Funda,292.14,30
561,Cargador,791.88,93
562,Funda,241.89,95
563,Tablet,198.8,11
564,Tablet,332.0,50
565,Tablet,167.31,72
566,Celular,679.93,68
567,Funda,326.48,94
568,Cargador,462.72,79
569,Celular,778.56,62
570,Cargador,153.45,48
571,Cargador,582.01,82
572,Celular,577.29,35
573,Cargador,355.24,12
574,Notebook,131.57,81
575,Celular,189.64,31
576,Notebook,268.06,70
577,Tablet,772.82,2
578,Notebook,761.36,70
579,Notebook,26.07,85
580,Cargador,555.94,25
581,Funda,466.55,24
582,Notebook,299.78,52
583,Notebook,436.84,36
584,Notebook,769.9,1
585,Notebook,519.87,89
586,Tablet,287.03,51
587,Notebook,494.35,95
588,Tablet,654.1,62
589,Cargador,72.33,41
590,Cargador,506.49,67
591,Funda,519.92,66
592,Notebook,207.03,42
593,Tablet,125.98,54
594,Notebook,682.79,52
595,Cargador,535.41,71
596,Celular,69.18,30
597,Tablet,278.02,28
598,Tablet,683.83,23
599,Notebook,287.93,9
600,Notebook,180.74,8
601,Tablet,305.63,45
602,Tablet,195.97,93
603,Cargador,415.93,45
604,Cargador,446.67,69
605,Cargador,670.55,20
606,Funda,230.4,91
607,Celular,350.44,7
608,Cargador,778.2,17
609,Notebook,409.05,63
610,Celular,599.07,39
611,Celular,52.55,61
612,Notebook,98.21,56
613,Celular,647.71,49
614,Celular,635.03,42
615,Tablet,361.22,43
616,Notebook,765.82,95
617,Tablet,746.37,85
618,Funda,353.99,89
619,Cargador,84.43,58
620,Tablet,722.14,97
621,Funda,256.62,21
622,Notebook,173.56,26
623,Notebook,242.11,22
624,Notebook,545.88,90
625,Celular,609.13,51
626,Notebook,317.56,58
627,Funda,175.21,97
628,Tablet,349.26,70
629,Funda,297.14,27
630,Notebook,746.41,3
631,Celular,267.91,31
632,Cargador,201.74,10
633,Celular,516.63,53
634,Tablet,255.08,43
635,Cargador,221.51,24
636,Tablet,546.38,22
637,Tablet,581.95,87
638,Celular,12.01,15
639,Notebook,332.06,75
640,Funda,226.28,67
641,Funda,391.17,23
642,Celular,41.55,54
643,Celular,386.67,58
644,Funda,590.96,66
645,Notebook,472.26,15
646,Notebook,52.07,91
647,Cargador,80.62,26
648,Funda,568.76,24
649,Funda,672.45,5
650,Cargador,51.26,26
651,Tablet,340.62,44
652,Notebook,121.45,93
653,Cargador,382.96,80
654,Tablet,272.52,81
655,Celular,656.83,67
656,Cargador,646.78,57
657,Cargador,467.54,65
658,Tablet,596.33,0
659,Notebook,715.23,11
660,Funda,670.73,33
661,Notebook,425.93,18
662,Tablet,419.73,60
663,Tablet,574.86,5
664,Cargador,352.45,5
665,Funda,427.1,71
666,Funda,370.54,14
667,Celular,688.4,80
668,Celular,675.0,25
669,Celular,340.48,54
670,Celular,339.85,18
671,Cargador,11.95,84
672,Funda,26.01,44
673,Tablet,147.84,58
674,Cargador,632.36,70
675,Tablet,49.84,95
676,Tablet,755.73,48
677,Funda,431.58,10
678,Tablet,115.51,90
679,Cargador,62.97,46
680,Notebook,332.31,72
681,Funda,770.52,32
682,Notebook,229.81,28
683,Funda,562.97,75
684,Tablet,509.64,3
685,Celular,714.73,52
686,Notebook,65.52,33
687,Celular,451.49,81
688,Funda,543.42,55
689,Funda,777.17,90
690,Tablet,553.13,19
691,Notebook,52.4,63
692,Tablet,797.9,11
693,Funda,711.55,3
694,Tablet,300.13,39
695,Cargador,345.29,30
696,Notebook,163.03,22
697,Celular,182.49,77
698,Tablet,435.07,62
699,Tablet,456.32,64
700,Tablet,463.01,56
701,Celular,439.47,71
702,Funda,537.63,35
703,Notebook,311.47,52
704,Celular,781.78,46
705,Notebook,207.3,8
706,Funda,650.84,80
707,Celular,271.1,60
708,Cargador,179.53,3
709,Celular,777.26,22
710,Notebook,209.26,31
711,Funda,780.58,95
712,Celular,388.78,95
713,Cargador,31.05,55
714,Tablet,344.41,10
715,Notebook,595.77,78
716,Notebook,148.93,55
717,Celular,280.15,18
718,Celular,676.59,94
719,Celular,535.86,87
720,Notebook,418.99,77
721,Cargador,489.61,15
722,Tablet,622.92,89
723,Tablet,765.66,54
724,Tablet,725.81,62
725,Cargador,138.19,74
726,Celular,779.56,50
727,Tablet,682.25,77
728,Tablet,536.76,55
729,Celular,557.97,66
730,Celular,797.32,36
731,Funda,156.63,62
732,Cargador,57.62,36
733,Tablet,513.64,13
734,Funda,758.26,65
735,Cargador,707.55,52
736,Cargador,210.74,26
737,Notebook,762.59,72
738,Celular,24.92,89
739,Tablet,652.82,92
740,Funda,152.96,91
741,Tablet,89.64,47
742,Funda,154.19,98
743,Tablet,487.72,12
744,Cargador,687.45,53
745,Cargador,146.49,42
746,Celular,666.19,16
747,Notebook,273.57,48
748,Funda,490.51,20
749,Notebook,690.08,7
750,Funda,191.34,84
751,Tablet,653.58,23
752,Cargador,573.07,76
753,Notebook,304.45,99
754,Celular,737.42,37
755,Notebook,591.47,15
756,Tablet,266.17,4
757,Celular,48.7,15
758,Celular,423.66,8
759,Celular,679.4,48
760,Cargador,715.57,36
761,Tablet,459.85,66
762,Celular,529.21,77
763,Celular,527.34,18
764,Funda,146.23,99
765,Tablet,722.57,44
766,Tablet,701.05,38
767,Notebook,589.39,11
768,Tablet,580.47,29
769,Notebook,228.86,96
770,Tablet,332.05,73
771,Celular,168.67,5
772,Tablet,629.79,93
773,Notebook,731.56,30
774,Cargador,638.02,44
775,Notebook,153.86,1
776,Notebook,157.59,38
777,Notebook,506.55,4
778,Celular,20.77,32
779,Cargador,83.67,85
780,Tablet,500.11,70
781,Cargador,347.97,60
782,Cargador,154.27,3
783,Celular,513.03,12
784,Celular,238.72,67
785,Tablet,691.57,11
786,Cargador,489.24,13
787,Cargador,374.45,28
788,Celular,463.0,3
789,Celular,648.35,97
790,Cargador,766.24,70
791,Celular,215.11,28
792,Cargador,327.06,74
793,Cargador,709.26,89
794,Cargador,222.25,15
795,Tablet,541.48,41
796,Cargador,308.3,13
797,Funda,114.51,1
798,Notebook,71.41,51
799,Tablet,566.0,76
800,Notebook,406.74,83
801,Funda,671.74,71
802,Funda,525.81,55
803,Tablet,44.1,9
804,Funda,134.16,80
805,Cargador,739.61,7
806,Celular,511.86,27
807,Cargador,469.22,44
808,Celular,175.43,5
809,Notebook,31.09,46
810,Cargador,750.11,78
811,Celular,372.58,95
812,Funda,727.83,69
813,Notebook,12.67,50
814,Tablet,474.2,64
815,Celular,595.83,87
816,Funda,334.76,60
817,Tablet,389.59,32
818,Funda,586.1,87
819,Celular,95.67,27
820,Tablet,587.0,44
821,Funda,373.1,44
822,Cargador,704.53,43
823,Cargador,542.63,24
824,Tablet,55.5,18
825,Celular,133.34,75
826,Tablet,500.8,79
827,Tablet,462.47,0
828,Tablet,152.84,54
829,Celular,100.97,46
830,Notebook,692.98,94
831,Funda,231.98,1
832,Funda,767.47,19
833,Cargador,650.03,70
834,Cargador,38.52,70
835,Celular,326.38,34
836,Notebook,12.46,62
837,Celular,151.96,9
838,Funda,375.07,4
839,Funda,110.9,62
840,Tablet,26.03,48
841,Celular,45.68,46
842,Celular,722.34,48
843,Cargador,626.34,90
844,Tablet,783.55,80
845,Funda,595.99,10
846,Cargador,338.31,70
847,Cargador,594.08,25
848,Funda,308.79,19
849,Tablet,407.97,8
850,Notebook,45.07,64
851,Celular,254.34,2
852,Notebook,782.73,72
853,Cargador,179.2,64
854,Celular,22.29,93
855,Cargador,484.02,19
856,Tablet,208.85,73
857,Cargador,594.69,66
858,Celular,203.55,31
859,Cargador,346.54,65
860,Notebook,372.59,64
861,Notebook,675.67,68
862,Funda,726.21,45
863,Notebook,513.23,91
864,Celular,120.47,93
865,Celular,443.49,22
866,Notebook,639.04,97
867,Cargador,89.77,54
868,Celular,44.75,61
869,Cargador,141.59,47
870,Funda,426.0,24
871,Tablet,372.17,23
872,Cargador,81.38,26
873,Celular,167.96,33
874,Funda,658.75,83
875,Tablet,190.23,94
876,Celular,478.65,40
877,Cargador,78.44,18
878,Tablet,742.65,14
879,Celular,564.16,38
880,Tablet,335.89,63
881,Funda,666.98,6
882,Cargador,414.43,71
883,Notebook,772.4,52
884,Celular,508.46,14
885,Celular,115.72,43
886,Cargador,319.23,79
887,Funda,757.42,83
888,Cargador,799.06,40
889,Funda,128.85,21
890,Tablet,239.46,60
891,Celular,85.21,96
892,Celular,520.81,22
893,Funda,441.75,48
894,Cargador,712.25,85
895,Notebook,562.21,71
896,Celular,625.91,95
897,Celular,379.42,37
898,Cargador,287.47,84
899,Cargador,247.77,66
900,Funda,438.19,56
901,Celular,586.38,50
902,Celular,401.86,65
903,Funda,17.9,88
904,Celular,477.37,20
905,Funda,655.43,0
906,Celular,603.15,75
907,Notebook,161.17,14
908,Notebook,290.05,93
909,Celular,407.12,26
910,Funda,444.77,71
911,Cargador,489.86,90
912,Notebook,352.09,74
913,Funda,702.81,26
914,Cargador,302.14,5
915,Funda,698.52,98
916,Funda,212.31,75
917,Tablet,798.56,67
918,Notebook,132.95,15
919,Cargador,433.94,77
920,Cargador,455.8,24
921,Celular,179.34,26
922,Cargador,166.96,56
923,Notebook,460.13,78
924,Tablet,239.59,1
925,Funda,761.6,21
926,Funda,741.95,78
927,Notebook,169.79,0
928,Cargador,371.92,90
929,Tablet,481.65,60
930,Funda,510.07,74
931,Funda,293.87,52
932,Tablet,668.12,87
933,Tablet,384.59,43
934,Cargador,358.61,63
935,Funda,103.51,28
936,Cargador,480.67,58
937,Cargador,443.48,91
938,Funda,98.66,12
939,Funda,287.09,94
940,Notebook,719.17,13
941,Celular,465.48,8
942,Cargador,635.75,69
943,Funda,324.79,26
944,Cargador,793.77,63
945,Funda,57.22,3
946,Funda,113.78,4
947,Funda,17.06,34
948,Celular,771.61,59
949,Cargador,762.3,7
950,Notebook,552.88,75
951,Funda,472.47,40
952,Celular,543.62,19
953,Celular,380.62,68
954,Funda,545.26,27
955,Tablet,593.26,87
956,Cargador,210.51,5
957,Notebook,784.63,0
958,Celular,342.4,82
959,Tablet,534.26,44
960,Celular,250.08,53
961,Tablet,229.85,54
962,Notebook,419.59,88
963,Celular,557.76,67
964,Tablet,356.36,29
965,Celular,182.8,21
966,Funda,397.82,36
967,Notebook,790.99,39
968,Funda,722.84,53
969,Notebook,698.63,63
970,Cargador,703.97,16
971,Notebook,403.59,95
972,Celular,44.59,71
973,Celular,116.86,76
974,Funda,427.81,62
975,Celular,724.34,72
976,Celular,245.54,21
977,Tablet,279.6,73
978,Notebook,318.98,18
979,Celular,485.99,82
980,Funda,201.8,54
981,Celular,546.69,74
982,Cargador,73.58,73
983,Tablet,129.25,3
984,Celular,739.68,30
985,Funda,282.56,78
986,Celular,622.98,69
987,Cargador,193.01,98
988,Funda,765.25,96
989,Tablet,82.28,16
990,Celular,71.24,32
991,Notebook,638.88,48
992,Cargador,387.19,17
993,Celular,27.25,23
994,Tablet,247.42,75
995,Notebook,216.21,93
996,Notebook,658.83,91
997,Notebook,564.56,64
998,Funda,339.03,88
999,Funda,686.87,63
1000,Celular,360.51,70
1001,Notebook,53.84,59
1002,Celular,689.16,95
1003,Tablet,25.12,27
1004,Celular,323.52,54
1005,Cargador,576.5,35
1006,Celular,336.69,29
1007,Celular,719.51,28
1008,Notebook,602.29,32
1009,Notebook,455.82,53
1010,Tablet,637.01,97
1011,Funda,149.45,77
1012,Cargador,83.58,80
1013,Cargador,726.81,76
1014,Tablet,523.96,83
1015,Celular,762.5,3
1016,Cargador,322.04,88
1017,Celular,103.51,69
1018,Funda,556.21,57
1019,Funda,57.45,88
1020,Cargador,300.23,80
1021,Celular,358.38,47
1022,Tablet,424.82,18
1023,Cargador,583.37,34
1024,Notebook,415.66,69
1025,Funda,612.97,76
1026,Cargador,578.37,84
1027,Notebook,483.25,32
1028,Celular,755.05,26
1029,Celular,78.37,0
1030,Tablet,207.32,74
1031,Tablet,251.11,19
1032,Funda,754.53,44
1033,Cargador,498.92,28
1034,Celular,480.13,3
1035,Tablet,156.66,52
1036,Tablet,34.69,92
1037,Notebook,191.37,57
1038,Cargador,549.56,8
1039,Tablet,397.44,61
1040,Cargador,440.05,10
1041,Cargador,548.42,19
1042,Tablet,795.64,27
1043,Cargador,280.81,98
1044,Cargador,198.59,6
1045,Notebook,388.49,35
1046,Celular,775.33,53
1047,Funda,737.2,8
1048,Tablet,137.06,21
1049,Notebook,678.69,86
1050,Tablet,352.12,30
1051,Celular,362.14,95
1052,Notebook,491.17,68
1053,Cargador,203.73,12
1054,Cargador,438.52,51
1055,Cargador,702.22,22
1056,Tablet,412.29,20
1057,Notebook,455.89,93
1058,Celular,629.9,32
1059,Celular,517.89,90
1060,Cargador,543.44,95
1061,Celular,64.77,1
1062,Cargador,714.57,37
1063,Notebook,295.66,24
1064,Celular,603.43,82
1065,Celular,346.92,0
1066,Notebook,105.37,6
1067,Funda,641.23,67
1068,Celular,79.08,81
1069,Notebook,773.55,4
1070,Celular,661.98,12
1071,Cargador,779.94,14
1072,Cargador,607.45,58
1073,Notebook,420.92,4
1074,Celular,546.84,84
1075,Funda,673.66,93
1076,Notebook,403.4,49
1077,Notebook,323.75,21
1078,Celular,493.1,40
1079,Tablet,124.52,81
1080,Celular,380.18,17
1081,Funda,62.95,66
1082,Celular,293.7,53
1083,Notebook,199.64,46
1084,Cargador,153.52,32
1085,Funda,707.3,8
1086,Notebook,257.44,32
1087,Celular,188.71,74
1088,Tablet,751.44,31
1089,Notebook,98.94,59
1090,Tablet,686.1,49
1091,Funda,743.68,11
1092,Notebook,449.3,11
1093,Cargador,169.87,54
1094,Tablet,136.2,8
1095,Funda,313.42,9
1096,Celular,780.57,72
1097,Funda,407.36,89
1098,Tablet,477.25,95
1099,Notebook,412.03,72
1100,Tablet,225.56,47
1101,Celular,527.72,73
1102,Cargador,417.58,76
1103,Celular,500.28,11
1104,Notebook,193.74,69
1105,Cargador,477.46,57
1106,Cargador,282.66,94
1107,Funda,111.71,44
1108,Tablet,248.72,3
1109,Notebook,600.25,21
1110,Cargador,101.06,64
1111,Tablet,120.45,31
1112,Tablet,273.74,43
1113,Tablet,178.41,36
1114,Notebook,641.41,86
1115,Celular,314.1,59
1116,Tablet,617.08,15
1117,Funda,498.62,39
1118,Cargador,398.56,68
1119,Funda,74.28,1
1120,Tablet,785.57,14
1121,Celular,202.22,82
1122,Cargador,785.0,77
1123,Tablet,29.19,68
1124,Cargador,166.59,31
1125,Celular,773.06,56
1126,Funda,562.61,37
1127,Tablet,199.27,29
1128,Cargador,234.48,47
1129,Notebook,598.74,69
1130,Celular,215.81,5
1131,Funda,508.45,34
1132,Notebook,194.94,27
1133,Celular,783.3,63
1134,Cargador,102.58,62
1135,Tablet,402.93,11
1136,Cargador,730.45,58
1137,Notebook,214.41,8
1138,Celular,561.41,53
1139,Notebook,549.31,36
1140,Funda,750.66,74
1141,Funda,321.36,12
1142,Cargador,225.33,26
1143,Funda,209.37,76
1144,Celular,274.57,2
1145,Celular,643.95,85
1146,Celular,506.47,70
1147,Notebook,324.87,20
1148,Tablet,168.86,47
1149,Tablet,525.45,46
1150,Celular,55.16,0
1151,Tablet,442.23,52
1152,Notebook,270.68,97
1153,Tablet,484.62,5
1154,Cargador,506.39,16
1155,Cargador,717.27,44
1156,Celular,719.52,29
1157,Celular,509.53,48
1158,Notebook,518.24,50
1159,Celular,702.04,86
1160,Cargador,648.0,17
1161,Celular,458.42,96
1162,Celular,619.79,57
1163,Cargador,372.09,32
1164,Funda,240.85,78
1165,Cargador,574.98,1
1166,Funda,320.0,21
1167,Funda,116.09,94
1168,Funda,609.87,0
1169,Celular,559.9,76
1170,Celular,362.23,21
1171,Notebook,55.03,84
1172,Tablet,738.1,91
1173,Funda,541.27,79
1174,Cargador,178.47,52
1175,Funda,401.73,56
1176,Celular,12.73,66
1177,Celular,698.78,91
1178,Tablet,560.68,88
1179,Funda,68.3,78
1180,Funda,556.32,95
1181,Funda,786.2,56
1182,Tablet,121.98,9
1183,Cargador,84.52,11
1184,Cargador,747.38,84
1185,Notebook,553.63,59
1186,Tablet,676.88,13
1187,Funda,689.56,48
1188,Funda,728.94,32
1189,Notebook,784.36,45
1190,Notebook,608.89,19
1191,Cargador,463.5,83
1192,Celular,454.95,33
1193,Funda,301.97,83
1194,Celular,294.1,46
1195,Notebook,738.62,54
1196,Cargador,419.03,72
1197,Cargador,421.56,65
1198,Tablet,397.98,71
1199,Celular,383.33,56
1200,Notebook,750.4,33
1201,Celular,264.41,53
1202,Funda,765.96,59
1203,Tablet,90.3,73
1204,Celular,726.88,68
1205,Funda,100.15,49
1206,Notebook,22.79,35
1207,Funda,449.72,68
1208,Celular,638.3,71
1209,Funda,242.28,99
1210,Tablet,122.06,99
1211,Cargador,282.6,51
1212,Tablet,784.52,96
1213,Funda,508.75,6
1214,Notebook,212.95,84
1215,Celular,667.38,4
1216,Celular,738.34,23
1217,Cargador,297.13,21
1218,Funda,287.66,99
1219,Notebook,533.82,35
1220,Funda,635.39,59
1221,Funda,246.97,39
1222,Funda,198.67,66
1223,Funda,618.54,60
1224,Celular,114.76,33
1225,Cargador,182.65,8
1226,Celular,378.56,3
1227,Funda,398.58,68
1228,Funda,627.43,6
1229,Cargador,365.04,7
1230,Notebook,146.29,67
1231,Celular,390.22,29
1232,Cargador,129.82,94
1233,Tablet,130.32,77
1234,Notebook,327.12,97
1235,Tablet,165.78,36
1236,Cargador,447.43,74
1237,Notebook,179.54,29
1238,Funda,325.87,90
1239,Cargador,309.04,55
1240,Funda,146.49,49
1241,Cargador,357.89,81
1242,Notebook,480.0,45
1243,Notebook,291.48,10
1244,Notebook,551.26,15
1245,Funda,719.09,70
1246,Notebook,454.01,23
1247,Notebook,482.81,36
1248,Cargador,563.96,24
1249,Cargador,743.3,69
1250,Celular,32.9,25
1251,Tablet,433.53,72
1252,Celular,14.81,98
1253,Funda,173.21,76
1254,Celular,594.78,78
1255,Funda,752.41,44
1256,Cargador,60.91,96
1257,Notebook,316.02,11
1258,Cargador,620.89,10
1259,Cargador,797.01,83
1260,Cargador,357.68,93
1261,Tablet,596.22,52
1262,Cargador,306.08,30
1263,Celular,270.31,30
1264,Notebook,140.32,62
1265,Cargador,261.21,21
1266,Funda,266.66,22
1267,Notebook,302.91,99
1268,Notebook,740.18,42
1269,Funda,726.57,56
1270,Tablet,369.68,95
1271,Funda,220.11,92
1272,Celular,584.05,37
1273,Funda,156.75,43
1274,Funda,422.47,85
1275,Notebook,249.5,95
1276,Funda,13.78,72
1277,Cargador,559.06,94
1278,Notebook,193.65,1
1279,Notebook,150.55,16
1280,Notebook,246.9,26
1281,Notebook,676.61,1
1282,Tablet,369.22,97
1283,Cargador,332.58,52
1284,Tablet,108.95,59
1285,Celular,203.68,53
1286,Tablet,292.2,79
1287,Notebook,706.12,55
1288,Cargador,796.61,75
1289,Tablet,56.27,95
1290,Tablet,113.16,84
1291,Cargador,760.31,28
1292,Tablet,357.61,54
1293,Cargador,656.62,13
1294,Celular,762.79,7
1295,Tablet,592.03,15
1296,Cargador,485.76,83
1297,Notebook,658.92,34
1298,Cargador,37.43,51
1299,Cargador,677.94,43
1300,Notebook,506.54,90
1301,Tablet,233.51,75
1302,Notebook,197.7,78
1303,Tablet,662.11,51
1304,Funda,43.6,57
1305,Cargador,787.03,29
1306,Funda,307.11,68
1307,Funda,725.59,60
1308,Celular,485.75,49
1309,Notebook,730.64,80
1310,Notebook,139.9,2
1311,Notebook,537.25,3
1312,Cargador,465.27,78
1313,Notebook,148.24,87
1314,Celular,47.08,72
1315,Cargador,388.21,25
1316,Celular,669.96,39
1317,Celular,95.5,99
1318,Cargador,157.43,9
1319,Tablet,788.58,43
1320,Tablet,470.54,56
1321,Tablet,49.44,64
1322,Funda,762.54,9
1323,Tablet,51.17,1
1324,Funda,594.78,81
1325,Notebook,797.82,15
1326,Cargador,279.88,86
1327,Notebook,771.24,83
1328,Notebook,264.03,79
1329,Notebook,678.18,63
1330,Celular,255.6,92
1331,Funda,413.14,5
1332,Notebook,292.72,81
1333,Funda,759.68,64
1334,Funda,101.78,27
1335,Funda,125.94,18
1336,Tablet,541.95,15
1337,Celular,226.49,11
1338,Notebook,583.74,70
1339,Celular,97.86,91
1340,Cargador,717.41,51
1341,Notebook,578.19,5
1342,Celular,55.19,68
1343,Tablet,84.09,20
1344,Cargador,90.5,52
1345,Tablet,433.24,59
1346,Celular,633.63,36
1347,Celular,161.47,2
1348,Cargador,272.09,68
1349,Tablet,645.28,26
1350,Celular,596.39,21
1351,Celular,327.48,44
1352,Funda,614.31,42
1353,Celular,671.7,42
1354,Tablet,274.08,48
1355,Tablet,87.83,53
1356,Tablet,156.53,4
1357,Funda,220.63,16
1358,Notebook,262.92,49
1359,Funda,127.61,20
1360,Celular,44.51,19
1361,Cargador,656.4,33
1362,Notebook,610.72,64
1363,Notebook,524.57,84
1364,Celular,72.78,45
1365,Tablet,217.8,34
1366,Funda,613.11,35
1367,Notebook,660.75,88
1368,Notebook,202.96,24
1369,Cargador,41.94,60
1370,Cargador,694.77,12
1371,Funda,197.18,81
1372,Tablet,310.49,36
1373,Notebook,476.74,38
1374,Notebook,54.95,15
1375,Notebook,481.63,85
1376,Notebook,615.3,89
1377,Celular,51.11,83
1378,Notebook,482.24,42
1379,Funda,601.82,89
1380,Notebook,26.2,66
1381,Tablet,343.85,96
1382,Tablet,212.04,74
1383,Notebook,282.1,39
1384,Funda,346.42,94
1385,Notebook,473.29,0
1386,Notebook,726.44,10
1387,Tablet,565.44,32
1388,Cargador,655.21,1
1389,Tablet,702.71,87
1390,Celular,564.78,26
1391,Cargador,530.18,35
1392,Celular,290.22,39
1393,Tablet,247.92,30
1394,Notebook,143.92,6
1395,Celular,686.87,65
1396,Tablet,622.62,79
1397,Tablet,68.29,54
1398,Funda,391.26,58
1399,Tablet,727.66,44
1400,Celular,579.64,81
1401,Funda,154.66,16
1402,Cargador,305.01,91
1403,Funda,623.74,61
1404,Notebook,104.61,76
1405,Funda,150.73,83
1406,Cargador,246.47,84
1407,Celular,574.13,2
1408,Funda,576.62,86
1409,Funda,710.9,34
1410,Tablet,86.67,76
1411,Funda,433.78,85
1412,Cargador,98.33,43
1413,Funda,584.01,22
1414,Funda,560.25,71
1415,Tablet,210.17,21
1416,Tablet,423.53,79
1417,Tablet,663.76,97
1418,Funda,596.62,47
1419,Cargador,327.38,59
1420,Notebook,717.76,71
1421,Tablet,220.22,63
1422,Celular,350.64,35
1423,Funda,268.61,29
1424,Cargador,536.32,53
1425,Funda,799.38,34
1426,Tablet,723.66,13
1427,Tablet,190.77,69
1428,Funda,745.51,47
1429,Celular,768.14,90
1430,Notebook,465.82,5
1431,Funda,619.21,54
1432,Notebook,765.45,97
1433,Funda,178.45,32
1434,Tablet,251.97,12
1435,Tablet,634.59,27
1436,Notebook,577.24,91
1437,Funda,48.86,98
1438,Tablet,351.49,69
1439,Tablet,696.69,17
1440,Notebook,665.51,30
1441,Cargador,743.76,33
1442,Funda,668.9,57
1443,Cargador,712.06,13
1444,Cargador,684.2,2
1445,Celular,158.5,73
1446,Celular,429.21,34
1447,Tablet,338.43,51
1448,Celular,510.09,15
1449,Celular,362.88,7
1450,Tablet,289.03,71
1451,Cargador,381.37,76
1452,Cargador,660.21,12
1453,Celular,454.49,21
1454,Cargador,727.19,66
1455,Cargador,142.01,9
1456,Cargador,615.0,36
1457,Cargador,217.73,59
1458,Cargador,315.71,71
1459,Notebook,150.8,45
1460,Cargador,695.66,33
1461,Cargador,677.45,91
1462,Tablet,124.96,77
1463,Notebook,350.4,33
1464,Funda,679.73,73
1465,Cargador,130.09,97
1466,Tablet,392.5,84
1467,Celular,376.73,38
1468,Cargador,367.22,70
1469,Tablet,725.31,85
1470,Celular,676.12,36
1471,Notebook,142.95,94
1472,Celular,420.61,12
1473,Celular,547.87,42
1474,Notebook,739.81,68
1475,Celular,717.26,25
1476,Notebook,330.73,88
1477,Notebook,241.39,94
1478,Funda,450.72,40
1479,Notebook,273.85,81
1480,Celular,607.1,86
1481,Celular,524.09,57
1482,Celular,161.76,56
1483,Notebook,252.58,81
1484,Tablet,425.87,53
1485,Funda,649.01,2
1486,Tablet,61.02,12
1487,Celular,54.5,5
1488,Tablet,51.65,28
1489,Notebook,282.26,21
1490,Tablet,187.87,46
1491,Notebook,189.37,89
1492,Tablet,356.38,93
1493,Cargador,565.26,22
1494,Celular,361.12,97
1495,Funda,69.44,50
1496,Cargador,89.89,97
1497,Funda,314.41,14
1498,Celular,392.89,81
1499,Tablet,477.74,68
1500,Cargador,580.19,81
1501,Celular,103.78,21
1502,Notebook,120.23,3
1503,Celular,342.85,89
1504,Cargador,602.93,72
1505,Funda,398.46,50
1506,Celular,683.39,51
1507,Tablet,28.99,19
1508,Celular,81.39,52
1509,Celular,121.37,19
1510,Cargador,773.81,59
1511,Cargador,453.16,23
1512,Funda,287.56,58
1513,Cargador,626.82,76
1514,Cargador,397.69,35
1515,Funda,584.68,72
1516,Celular,423.25,70
1517,Cargador,596.11,30
1518,Celular,416.16,80
1519,Notebook,357.24,89
1520,Cargador,269.85,51
1521,Tablet,78.58,62
1522,Cargador,766.15,49
1523,Tablet,182.95,43
1524,Funda,222.02,12
1525,Cargador,799.94,96
1526,Funda,540.61,99
1527,Funda,706.42,50
1528,Notebook,96.55,32
1529,Cargador,24.4,34
1530,Cargador,216.06,54
1531,Notebook,624.84,99
1532,Tablet,233.85,83
1533,Cargador,419.76,90
1534,Funda,727.76,45
1535,Funda,617.57,45
1536,Notebook,715.19,8
1537,Celular,144.98,52
1538,Cargador,490.84,78
1539,Cargador,276.21,89
1540,Funda,265.49,21
1541,Celular,10.88,63
1542,Notebook,62.41,31
1543,Cargador,301.75,5
1544,Celular,568.52,71
1545,Funda,149.83,7
1546,Celular,711.19,38
1547,Notebook,682.5,8
1548,Notebook,405.47,59
1549,Notebook,640.92,93
1550,Funda,306.94,71
1551,Cargador,558.76,93
1552,Funda,735.25,97
1553,Funda,192.66,82
1554,Tablet,251.46,1
1555,Funda,429.16,66
1556,Funda,618.73,42
1557,Celular,279.09,98
1558,Funda,215.63,46
1559,Notebook,373.39,59
1560,Cargador,794.8,58
1561,Notebook,465.72,57
1562,Funda,480.37,15
1563,Cargador,340.44,82
1564,Notebook,242.04,43
1565,Cargador,142.44,10
1566,Cargador,353.45,60
1567,Notebook,149.47,58
1568,Celular,704.08,50
1569,Tablet,759.16,66
1570,Funda,307.64,64
1571,Tablet,145.55,33
1572,Cargador,446.14,67
1573,Tablet,594.95,52
1574,Celular,232.38,58
1575,Notebook,468.96,47
1576,Tablet,30.73,90
1577,Cargador,297.62,23
1578,Tablet,375.5,14
1579,Tablet,490.83,7
1580,Funda,54.92,31
1581,Celular,249.12,62
1582,Notebook,661.76,77
1583,Celular,665.47,3
1584,Funda,136.01,18
1585,Tablet,756.67,8
1586,Notebook,580.74,44
1587,Cargador,449.26,93
1588,Tablet,656.27,89
1589,Notebook,42.97,67
1590,Celular,274.79,25
1591,Cargador,605.36,87
1592,Cargador,738.05,20
1593,Celular,421.72,0
1594,Celular,15.38,37
1595,Tablet,580.2,71
1596,Funda,739.14,86
1597,Tablet,673.08,73
1598,Funda,227.66,25
1599,Notebook,18.35,32
1600,Cargador,346.04,90
1601,Celular,544.81,31
1602,Funda,376.61,98
1603,Cargador,670.33,63
1604,Notebook,783.46,9
1605,Tablet,695.86,32
1606,Cargador,269.25,66
1607,Cargador,413.57,68
1608,Cargador,297.82,76
1609,Notebook,322.39,64
1610,Notebook,623.86,34
1611,Funda,441.09,1
1612,Tablet,258.43,24
1613,Funda,724.31,64
1614,Funda,329.77,16
1615,Notebook,649.0,4
1616,Funda,469.03,86
1617,Celular,796.45,77
1618,Cargador,359.17,23
1619,Notebook,408.33,71
1620,Celular,148.12,80
1621,Celular,423.27,21
1622,Celular,485.53,93
1623,Cargador,548.62,60
1624,Notebook,345.42,47
1625,Funda,233.06,98
1626,Cargador,119.07,18
1627,Tablet,760.1,82
1628,Celular,264.39,14
1629,Celular,28.85,27
1630,Celular,114.39,61
1631,Cargador,121.65,26
1632,Funda,209.44,68
1633,Notebook,369.32,79
1634,Funda,764.45,84
1635,Celular,403.22,75
1636,Funda,66.17,59
1637,Celular,199.49,8
1638,Tablet,372.82,2
1639,Funda,638.83,80
1640,Tablet,233.02,24
1641,Notebook,328.18,62
1642,Tablet,129.19,32
1643,Funda,223.77,60
1644,Tablet,578.55,95
1645,Funda,113.42,44
1646,Cargador,398.64,20
1647,Celular,680.84,85
1648,Tablet,602.16,91
1649,Cargador,658.19,89
1650,Celular,351.7,7
1651,Notebook,788.35,18
1652,Notebook,308.03,48
1653,Celular,692.09,76
1654,Notebook,337.41,36
1655,Cargador,727.11,62
1656,Funda,706.07,54
1657,Tablet,220.98,30
1658,Notebook,634.54,2
1659,Celular,781.37,3
1660,Notebook,711.78,6
1661,Tablet,249.9,65
1662,Notebook,674.68,76
1663,Notebook,234.62,10
1664,Funda,392.81,35
1665,Tablet,66.49,66
1666,Cargador,113.68,65
1667,Celular,684.68,75
1668,Cargador,594.35,31
1669,Celular,346.01,55
1670,Celular,654.9,19
1671,Cargador,362.84,84
1672,Notebook,418.41,70
1673,Tablet,33.23,44
1674,Tablet,592.44,66
1675,Cargador,638.7,55
1676,Celular,663.23,85
1677,Notebook,214.34,95
1678,Tablet,707.73,59
1679,Celular,401.19,62
1680,Tablet,539.2,76
1681,Tablet,585.3,80
1682,Notebook,139.06,95
1683,Funda,27.62,12
1684,Funda,518.71,80
1685,Notebook,207.98,18
1686,Funda,562.75,18
1687,Notebook,736.26,8
1688,Cargador,626.6,59
1689,Tablet,324.53,46
1690,Notebook,192.14,71
1691,Funda,390.84,97
1692,Notebook,170.44,74
1693,Tablet,23.93,64
1694,Funda,224.49,77
1695,Funda,789.46,78
1696,Notebook,185.81,46
1697,Tablet,634.47,1
1698,Notebook,719.04,35
1699,Funda,105.06,82
1700,Notebook,416.24,65
1701,Notebook,263.51,6
1702,Tablet,58.45,48
1703,Cargador,541.28,63
1704,Notebook,668.11,11
1705,Tablet,504.95,86
1706,Funda,51.31,81
1707,Celular,35.32,58
1708,Tablet,307.09,94
1709,Cargador,206.33,99
1710,Funda,455.04,27
1711,Funda,651.59,30
1712,Celular,277.82,17
1713,Notebook,345.55,58
1714,Celular,368.38,43
1715,Funda,258.12,71
1716,Funda,165.75,46
1717,Cargador,469.85,35
1718,Notebook,759.73,6
1719,Celular,52.76,18
1720,Cargador,20.54,44
1721,Notebook,590.44,40
1722,Celular,237.15,81
1723,Tablet,316.2,47
1724,Notebook,735.76,40
1725,Cargador,396.75,74
1726,Cargador,321.88,72
1727,Tablet,320.55,57
1728,Tablet,141.21,58
1729,Notebook,318.13,84
1730,Cargador,102.33,3
1731,Cargador,410.97,29
1732,Celular,436.19,57
1733,Tablet,437.28,44
1734,Funda,676.71,25
1735,Funda,500.54,60
1736,Cargador,693.79,8
1737,Notebook,145.64,48
1738,Celular,262.91,25
1739,Tablet,167.55,28
1740,Celular,461.46,45
1741,Celular,674.73,74
1742,Funda,109.57,53
1743,Tablet,524.92,23
1744,Celular,477.6,18
1745,Celular,795.19,96
1746,Celular,10.82,80
1747,Tablet,728.58,18
1748,Notebook,354.82,94
1749,Funda,775.32,23
1750,Notebook,207.39,91
1751,Funda,799.76,36
1752,Tablet,126.7,15
1753,Tablet,642.12,99
1754,Cargador,127.13,14
1755,Celular,655.5,65
1756,Notebook,381.9,77
1757,Cargador,688.46,30
1758,Funda,529.57,53
1759,Cargador,394.91,60
1760,Notebook,542.23,67
1761,Celular,132.93,84
1762,Celular,612.51,95
1763,Tablet,60.8,84
1764,Celular,143.95,85
1765,Celular,644.35,63
1766,Celular,110.76,68
1767,Notebook,503.36,68
1768,Tablet,652.82,21
1769,Tablet,792.52,26
1770,Cargador,275.17,43
1771,Tablet,407.71,37
1772,Funda,425.38,4
1773,Funda,470.18,33
1774,Tablet,157.02,40
1775,Notebook,672.82,44
1776,Cargador,729.31,94
1777,Cargador,268.47,31
1778,Funda,366.86,56
1779,Notebook,145.26,56
1780,Funda,387.29,98
1781,Tablet,581.69,84
1782,Tablet,52.33,14
1783,Cargador,466.84,27
1784,Notebook,39.43,18
1785,Notebook,255.55,76
1786,Notebook,27.6,12
1787,Notebook,187.73,24
1788,Notebook,668.03,54
1789,Funda,634.51,48
1790,Funda,217.52,47
1791,Funda,279.01,43
1792,Celular,515.51,61
1793,Funda,501.25,99
1794,Tablet,152.99,7
1795,Celular,49.09,19
1796,Celular,347.68,46
1797,Funda,312.95,19
1798,Tablet,200.04,79
1799,Celular,591.69,58
1800,Cargador,673.32,94
1801,Cargador,447.73,60
1802,Notebook,87.59,53
1803,Celular,39.28,13
1804,Notebook,47.54,30
1805,Tablet,121.61,28
1806,Celular,297.44,2
1807,Notebook,601.56,75
1808,Cargador,347.59,92
1809,Tablet,744.11,43
1810,Tablet,391.04,29
1811,Tablet,401.33,90
1812,Cargador,557.48,79
1813,Tablet,499.02,47
1814,Celular,544.46,34
1815,Funda,440.34,28
1816,Tablet,667.16,9
1817,Funda,54.22,52
1818,Funda,792.68,24
1819,Funda,534.38,72
1820,Celular,308.59,88
1821,Tablet,176.33,87
1822,Cargador,689.94,0
1823,Cargador,573.57,23
1824,Cargador,599.55,16
1825,Celular,537.04,14
1826,Cargador,508.31,89
1827,Tablet,469.46,43
1828,Tablet,646.66,6
1829,Notebook,195.87,75
1830,Funda,788.52,36
1831,Funda,74.3,41
1832,Cargador,592.23,21
1833,Tablet,171.45,1
1834,Tablet,577.09,84
1835,Funda,399.88,34
1836,Tablet,97.0,87
1837,Tablet,33.2,85
1838,Tablet,375.47,71
1839,Celular,17.19,14
1840,Celular,461.23,82
1841,Cargador,478.59,3
1842,Notebook,86.07,9
1843,Celular,631.61,44
1844,Celular,702.6,25
1845,Cargador,641.88,48
1846,Tablet,370.1,87
1847,Notebook,519.23,69
1848,Notebook,318.05,93
1849,Celular,743.77,77
1850,Funda,217.26,34
1851,Cargador,222.34,75
1852,Notebook,47.61,39
1853,Celular,332.09,27
1854,Funda,683.86,13
1855,Funda,215.54,45
1856,Funda,234.7,89
1857,Notebook,148.75,18
1858,Cargador,444.15,1
1859,Cargador,240.58,37
1860,Notebook,251.81,68
1861,Celular,482.07,20
1862,Notebook,43.5,30
1863,Funda,79.94,83
1864,Cargador,744.78,96
1865,Funda,409.24,88
1866,Notebook,755.18,11
1867,Funda,90.87,41
1868,Celular,60.97,75
1869,Notebook,59.7,72
1870,Cargador,118.16,5
1871,Funda,77.47,86
1872,Notebook,484.89,43
1873,Funda,768.42,37
1874,Funda,734.98,97
1875,Funda,237.75,75
1876,Tablet,754.41,39
1877,Notebook,519.0,93
1878,Tablet,197.23,33
1879,Funda,437.14,14
1880,Funda,311.31,77
1881,Notebook,660.02,96
1882,Celular,534.99,17
1883,Funda,603.59,72
1884,Celular,76.01,99
1885,Cargador,387.27,82
1886,Funda,56.57,96
1887,Tablet,195.98,36
1888,Funda,516.5,62
1889,Cargador,222.7,12
1890,Notebook,127.46,79
1891,Funda,497.54,57
1892,Notebook,87.15,83
1893,Funda,480.43,23
1894,Funda,199.97,85
1895,Funda,140.89,31
1896,Notebook,679.49,19
1897,Celular,79.67,95
1898,Tablet,727.14,51
1899,Celular,547.89,68
1900,Celular,376.72,15
1901,Tablet,708.44,38
1902,Funda,515.63,54
1903,Tablet,559.44,67
1904,Celular,252.8,43
1905,Funda,138.03,32
1906,Funda,93.19,72
1907,Funda,722.45,33
1908,Tablet,555.99,92
1909,Celular,306.65,36
1910,Cargador,625.01,12
1911,Funda,622.63,54
1912,Celular,329.85,88
1913,Tablet,787.65,35
1914,Funda,697.52,91
1915,Notebook,447.17,99
1916,Cargador,228.83,94
1917,Tablet,144.94,10
1918,Funda,147.95,96
1919,Notebook,521.74,87
1920,Notebook,700.8,67
1921,Funda,105.21,30
1922,Tablet,36.18,66
1923,Cargador,538.97,38
1924,Funda,694.54,30
1925,Tablet,757.0,44
1926,Cargador,373.2,64
1927,Funda,117.78,89
1928,Celular,777.37,16
1929,Funda,730.32,98
1930,Celular,459.17,75
1931,Celular,225.72,67
1932,Tablet,225.55,31
1933,Notebook,88.56,0
1934,Notebook,132.88,23
1935,Funda,98.69,83
1936,Notebook,573.09,77
1937,Celular,568.89,89
1938,Cargador,653.14,9
1939,Celular,115.44,27
1940,Tablet,289.19,39
1941,Celular,452.18,90
1942,Cargador,723.87,17
1943,Notebook,370.25,75
1944,Notebook,644.41,62
1945,Cargador,53.45,37
1946,Celular,739.81,60
1947,Celular,646.25,43
1948,Notebook,357.54,41
1949,Cargador,477.97,38
1950,Notebook,245.89,16
1951,Notebook,115.63,83
1952,Cargador,21.22,84
1953,Notebook,605.04,88
1954,Tablet,392.62,18
1955,Tablet,434.36,65
1956,Cargador,434.62,9
1957,Funda,587.87,14
1958,Notebook,415.62,55
1959,Cargador,35.6,30
1960,Tablet,354.78,7
1961,Celular,230.79,82
1962,Notebook,776.77,3
1963,Notebook,305.12,21
1964,Funda,84.51,73
1965,Tablet,184.8,22
1966,Celular,54.69,12
1967,Notebook,680.28,15
1968,Tablet,139.11,90
1969,Celular,12.72,46
1970,Notebook,507.61,36
1971,Celular,698.12,29
1972,Tablet,448.92,71
1973,Notebook,737.69,41
1974,Tablet,562.7,40
1975,Funda,40.3,74
1976,Celular,505.53,72
1977,Tablet,418.98,59
1978,Tablet,441.27,57
1979,Cargador,650.2,1
1980,Cargador,563.17,20
1981,Celular,752.89,97
1982,Funda,394.65,17
1983,Cargador,441.06,32
1984,Funda,35.68,1
1985,Cargador,462.14,86
1986,Funda,712.7,81
1987,Tablet,12.04,34
1988,Funda,58.64,46
1989,Tablet,403.53,40
1990,Tablet,461.92,21
1991,Cargador,258.96,64
1992,Notebook,706.3,88
1993,Funda,405.81,18
1994,Celular,663.72,17
1995,Tablet,468.95,50
1996,Funda,11.3,16
1997,Funda,12.33,31
1998,Funda,465.2,19
1999,Cargador,593.38,79
2000,Tablet,377.45,95
