id_venta,producto,categoria,cantidad,precio_unitario,fecha
1,Monitor,Periféricos,4,153.14,2025-01-01 00:00:00
2,Webcam,Periféricos,3,45.97,2025-01-01 01:00:00
3,Mouse,Periféricos,1,39.14,2025-01-01 02:00:00
4,Webcam,Video,1,50.52,2025-01-01 03:00:00
5,Webcam,Audio,1,55.7,2025-01-01 04:00:00
6,Teclado,Video,1,193.17,2025-01-01 05:00:00
7,Mouse,Audio,2,223.59,2025-01-01 06:00:00
8,Mouse,Video,2,161.35,2025-01-01 07:00:00
9,Mouse,Periféricos,1,249.56,2025-01-01 08:00:00
10,Webcam,Audio,1,297.42,2025-01-01 09:00:00
11,Monitor,Audio,1,246.9,2025-01-01 10:00:00
12,Mouse,Video,2,209.99,2025-01-01 11:00:00
13,Webcam,Video,1,162.09,2025-01-01 12:00:00
14,Teclado,Audio,1,137.41,2025-01-01 13:00:00
15,Monitor,Video,4,29.9,2025-01-01 14:00:00
16,Teclado,Video,4,122.81,2025-01-01 15:00:00
17,Monitor,Video,1,273.49,2025-01-01 16:00:00
18,Webcam,Periféricos,3,243.37,2025-01-01 17:00:00
19,Auriculares,Periféricos,1,68.74,2025-01-01 18:00:00
20,Monitor,Video,4,142.65,2025-01-01 19:00:00
21,Teclado,Video,3,245.93,2025-01-01 20:00:00
22,Webcam,Periféricos,3,24.88,2025-01-01 21:00:00
23,Monitor,Periféricos,1,119.28,2025-01-01 22:00:00
24,Auriculares,Audio,4,256.29,2025-01-01 23:00:00
25,Auriculares,Audio,4,124.15,2025-01-02 00:00:00
26,Mouse,Periféricos,3,27.9,2025-01-02 01:00:00
27,Mouse,Video,1,165.05,2025-01-02 02:00:00
28,Teclado,Video,2,259.21,2025-01-02 03:00:00
29,Monitor,Video,2,179.13,2025-01-02 04:00:00
30,Monitor,Video,4,71.75,2025-01-02 05:00:00
31,Mouse,Audio,2,118.35,2025-01-02 06:00:00
32,Monitor,Periféricos,4,137.79,2025-01-02 07:00:00
33,Monitor,Video,4,175.88,2025-01-02 08:00:00
34,Auriculares,Audio,4,229.01,2025-01-02 09:00:00
35,Mouse,Video,2,34.17,2025-01-02 10:00:00
36,Webcam,Periféricos,4,267.45,2025-01-02 11:00:00
37,Mouse,Audio,3,8.63,2025-01-02 12:00:00
38,Webcam,Periféricos,1,114.17,2025-01-02 13:00:00
39,Auriculares,Periféricos,1,13.09,2025-01-02 14:00:00
40,Teclado,Audio,4,120.93,2025-01-02 15:00:00
41,Monitor,Audio,1,160.11,2025-01-02 16:00:00
42,Auriculares,Audio,2,155.95,2025-01-02 17:00:00
43,Monitor,Audio,2,53.86,2025-01-02 18:00:00
44,Teclado,Audio,1,195.49,2025-01-02 19:00:00
45,Teclado,Audio,2,18.21,2025-01-02 20:00:00
46,Auriculares,Audio,1,229.76,2025-01-02 21:00:00
47,Teclado,Video,1,284.26,2025-01-02 22:00:00
48,Webcam,Periféricos,1,105.23,2025-01-02 23:00:00
49,Teclado,Audio,4,157.59,2025-01-03 00:00:00
50,Monitor,Video,1,116.78,2025-01-03 01:00:00
51,Monitor,Video,4,6.98,2025-01-03 02:00:00
52,Monitor,Video,1,118.83,2025-01-03 03:00:00
53,Monitor,Periféricos,1,238.56,2025-01-03 04:00:00
54,Webcam,Audio,1,180.82,2025-01-03 05:00:00
55,Mouse,Video,2,34.87,2025-01-03 06:00:00
56,Auriculares,Periféricos,4,254.91,2025-01-03 07:00:00
57,Monitor,Periféricos,4,161.67,2025-01-03 08:00:00
58,Teclado,Periféricos,1,253.31,2025-01-03 09:00:00
59,Monitor,Video,1,176.17,2025-01-03 10:00:00
60,Teclado,Audio,2,170.11,2025-01-03 11:00:00
61,Teclado,Video,2,36.05,2025-01-03 12:00:00
62,Monitor,Video,2,54.37,2025-01-03 13:00:00
63,Webcam,Audio,4,291.75,2025-01-03 14:00:00
64,Teclado,Audio,4,72.4,2025-01-03 15:00:00
65,Teclado,Audio,4,293.35,2025-01-03 16:00:00
66,Monitor,Periféricos,1,161.91,2025-01-03 17:00:00
67,Teclado,Audio,4,45.06,2025-01-03 18:00:00
68,Teclado,Video,3,34.29,2025-01-03 19:00:00
69,Monitor,Audio,3,66.61,2025-01-03 20:00:00
70,Monitor,Video,2,278.06,2025-01-03 21:00:00
71,Auriculares,Periféricos,4,127.17,2025-01-03 22:00:00
72,Webcam,Video,3,121.65,2025-01-03 23:00:00
73,Webcam,Video,2,97.4,2025-01-04 00:00:00
74,Teclado,Audio,4,48.38,2025-01-04 01:00:00
75,Webcam,Audio,1,148.92,2025-01-04 02:00:00
76,Teclado,Video,3,43.36,2025-01-04 03:00:00
77,Auriculares,Audio,1,251.47,2025-01-04 04:00:00
78,Monitor,Periféricos,4,114.27,2025-01-04 05:00:00
79,Monitor,Periféricos,3,115.57,2025-01-04 06:00:00
80,Monitor,Audio,4,144.83,2025-01-04 07:00:00
81,Webcam,Periféricos,1,136.02,2025-01-04 08:00:00
82,Auriculares,Audio,3,298.48,2025-01-04 09:00:00
83,Webcam,Video,1,165.89,2025-01-04 10:00:00
84,Webcam,Video,4,31.02,2025-01-04 11:00:00
85,Auriculares,Periféricos,4,184.03,2025-01-04 12:00:00
86,Auriculares,Audio,1,49.72,2025-01-04 13:00:00
87,Auriculares,Audio,3,14.13,2025-01-04 14:00:00
88,Auriculares,Periféricos,1,291.37,2025-01-04 15:00:00
89,Monitor,Video,4,233.19,2025-01-04 16:00:00
90,Mouse,Periféricos,1,294.13,2025-01-04 17:00:00
91,Mouse,Video,4,145.97,2025-01-04 18:00:00
92,Auriculares,Audio,1,162.02,2025-01-04 19:00:00
93,Mouse,Video,3,54.66,2025-01-04 20:00:00
94,Mouse,Periféricos,3,77.84,2025-01-04 21:00:00
95,Auriculares,Audio,1,252.37,2025-01-04 22:00:00
96,Mouse,Periféricos,1,110.07,2025-01-04 23:00:00
97,Webcam,Periféricos,3,248.91,2025-01-05 00:00:00
98,Teclado,Video,4,214.16,2025-01-05 01:00:00
99,Teclado,Periféricos,3,57.27,2025-01-05 02:00:00
100,Auriculares,Video,4,154.7,2025-01-05 03:00:00
101,Monitor,Audio,1,204.83,2025-01-05 04:00:00
102,Auriculares,Video,1,74.34,2025-01-05 05:00:00
103,Monitor,Audio,4,250.05,2025-01-05 06:00:00
104,Teclado,Video,1,165.72,2025-01-05 07:00:00
105,Auriculares,Periféricos,4,53.75,2025-01-05 08:00:00
106,Webcam,Video,2,176.98,2025-01-05 09:00:00
107,Mouse,Video,3,299.92,2025-01-05 10:00:00
108,Monitor,Audio,2,49.4,2025-01-05 11:00:00
109,Mouse,Periféricos,4,245.94,2025-01-05 12:00:00
110,Mouse,Video,3,66.16,2025-01-05 13:00:00
111,Auriculares,Periféricos,4,235.8,2025-01-05 14:00:00
112,Mouse,Video,3,221.7,2025-01-05 15:00:00
113,Webcam,Video,3,93.64,2025-01-05 16:00:00
114,Mouse,Periféricos,3,101.12,2025-01-05 17:00:00
115,Auriculares,Video,3,238.79,2025-01-05 18:00:00
116,Webcam,Periféricos,4,141.13,2025-01-05 19:00:00
117,Teclado,Video,3,220.59,2025-01-05 20:00:00
118,Mouse,Audio,3,48.66,2025-01-05 21:00:00
119,Auriculares,Periféricos,2,256.5,2025-01-05 22:00:00
120,Teclado,Video,1,214.71,2025-01-05 23:00:00
121,Teclado,Video,1,272.55,2025-01-06 00:00:00
122,Monitor,Audio,2,44.05,2025-01-06 01:00:00
123,Webcam,Periféricos,2,179.94,2025-01-06 02:00:00
124,Mouse,Video,4,181.74,2025-01-06 03:00:00
125,Auriculares,Audio,4,109.27,2025-01-06 04:00:00
126,Monitor,Video,4,140.25,2025-01-06 05:00:00
127,Webcam,Periféricos,2,16.2,2025-01-06 06:00:00
128,Monitor,Video,2,225.03,2025-01-06 07:00:00
129,Webcam,Video,3,167.05,2025-01-06 08:00:00
130,Webcam,Video,4,22.03,2025-01-06 09:00:00
131,Mouse,Video,4,205.82,2025-01-06 10:00:00
132,Webcam,Audio,4,142.7,2025-01-06 11:00:00
133,Monitor,Audio,1,15.17,2025-01-06 12:00:00
134,Webcam,Periféricos,3,291.03,2025-01-06 13:00:00
135,Mouse,Audio,4,284.99,2025-01-06 14:00:00
136,Mouse,Audio,4,156.31,2025-01-06 15:00:00
137,Monitor,Periféricos,4,32.63,2025-01-06 16:00:00
138,Teclado,Audio,1,227.61,2025-01-06 17:00:00
139,Teclado,Audio,1,150.12,2025-01-06 18:00:00
140,Webcam,Periféricos,2,94.22,2025-01-06 19:00:00
141,Auriculares,Periféricos,3,149.97,2025-01-06 20:00:00
142,Webcam,Periféricos,2,159.12,2025-01-06 21:00:00
143,Monitor,Video,3,171.0,2025-01-06 22:00:00
144,Monitor,Video,1,135.16,2025-01-06 23:00:00
145,Monitor,Periféricos,4,183.7,2025-01-07 00:00:00
146,Monitor,Periféricos,2,276.03,2025-01-07 01:00:00
147,Monitor,Periféricos,4,111.87,2025-01-07 02:00:00
148,Mouse,Video,2,219.09,2025-01-07 03:00:00
149,Teclado,Video,1,268.86,2025-01-07 04:00:00
150,Monitor,Audio,1,139.51,2025-01-07 05:00:00
151,Auriculares,Audio,1,135.82,2025-01-07 06:00:00
152,Auriculares,Periféricos,2,182.62,2025-01-07 07:00:00
153,Auriculares,Video,3,179.46,2025-01-07 08:00:00
154,Auriculares,Video,2,242.94,2025-01-07 09:00:00
155,Mouse,Video,3,145.56,2025-01-07 10:00:00
156,Auriculares,Periféricos,2,298.86,2025-01-07 11:00:00
157,Monitor,Audio,2,22.54,2025-01-07 12:00:00
158,Webcam,Periféricos,1,5.93,2025-01-07 13:00:00
159,Auriculares,Audio,4,193.86,2025-01-07 14:00:00
160,Mouse,Audio,4,93.04,2025-01-07 15:00:00
161,Mouse,Periféricos,3,75.91,2025-01-07 16:00:00
162,Auriculares,Audio,4,97.01,2025-01-07 17:00:00
163,Webcam,Audio,2,80.53,2025-01-07 18:00:00
164,Auriculares,Video,2,14.08,2025-01-07 19:00:00
165,Mouse,Audio,1,291.6,2025-01-07 20:00:00
166,Teclado,Periféricos,1,70.12,2025-01-07 21:00:00
167,Monitor,Periféricos,4,221.54,2025-01-07 22:00:00
168,Mouse,Audio,3,229.97,2025-01-07 23:00:00
169,Auriculares,Video,4,279.13,2025-01-08 00:00:00
170,Monitor,Video,4,14.01,2025-01-08 01:00:00
171,Auriculares,Audio,4,262.25,2025-01-08 02:00:00
172,Auriculares,Audio,4,160.53,2025-01-08 03:00:00
173,Teclado,Periféricos,2,191.6,2025-01-08 04:00:00
174,Monitor,Audio,3,195.12,2025-01-08 05:00:00
175,Monitor,Video,2,246.84,2025-01-08 06:00:00
176,Teclado,Audio,3,103.36,2025-01-08 07:00:00
177,Mouse,Periféricos,1,221.25,2025-01-08 08:00:00
178,Auriculares,Periféricos,4,160.93,2025-01-08 09:00:00
179,Webcam,Periféricos,2,239.05,2025-01-08 10:00:00
180,Auriculares,Periféricos,3,297.21,2025-01-08 11:00:00
181,Auriculares,Periféricos,1,64.19,2025-01-08 12:00:00
182,Mouse,Audio,1,298.42,2025-01-08 13:00:00
183,Auriculares,Audio,4,31.49,2025-01-08 14:00:00
184,Teclado,Audio,3,5.68,2025-01-08 15:00:00
185,Teclado,Audio,2,18.03,2025-01-08 16:00:00
186,Monitor,Periféricos,4,105.83,2025-01-08 17:00:00
187,Webcam,Video,2,191.71,2025-01-08 18:00:00
188,Auriculares,Audio,1,25.36,2025-01-08 19:00:00
189,Auriculares,Video,2,6.67,2025-01-08 20:00:00
190,Mouse,Audio,2,281.44,2025-01-08 21:00:00
191,Teclado,Audio,4,247.47,2025-01-08 22:00:00
192,Webcam,Video,2,243.71,2025-01-08 23:00:00
193,Monitor,Periféricos,4,265.91,2025-01-09 00:00:00
194,Teclado,Audio,1,211.51,2025-01-09 01:00:00
195,Monitor,Audio,4,35.8,2025-01-09 02:00:00
196,Mouse,Audio,4,122.73,2025-01-09 03:00:00
197,Mouse,Video,3,218.33,2025-01-09 04:00:00
198,Auriculares,Periféricos,2,87.7,2025-01-09 05:00:00
199,Webcam,Video,1,207.78,2025-01-09 06:00:00
200,Monitor,Video,4,12.23,2025-01-09 07:00:00
201,Teclado,Periféricos,1,95.31,2025-01-09 08:00:00
202,Mouse,Video,3,166.99,2025-01-09 09:00:00
203,Auriculares,Periféricos,2,191.47,2025-01-09 10:00:00
204,Auriculares,Audio,4,175.23,2025-01-09 11:00:00
205,Monitor,Periféricos,2,210.84,2025-01-09 12:00:00
206,Mouse,Audio,3,6.8,2025-01-09 13:00:00
207,Webcam,Video,3,34.78,2025-01-09 14:00:00
208,Mouse,Video,1,261.34,2025-01-09 15:00:00
209,Monitor,Audio,4,206.12,2025-01-09 16:00:00
210,Monitor,Video,1,38.31,2025-01-09 17:00:00
211,Mouse,Periféricos,3,253.41,2025-01-09 18:00:00
212,Monitor,Audio,2,76.46,2025-01-09 19:00:00
213,Mouse,Video,1,146.09,2025-01-09 20:00:00
214,Teclado,Audio,1,47.83,2025-01-09 21:00:00
215,Mouse,Periféricos,2,214.48,2025-01-09 22:00:00
216,Mouse,Periféricos,1,201.72,2025-01-09 23:00:00
217,Monitor,Video,2,67.28,2025-01-10 00:00:00
218,Monitor,Periféricos,4,259.7,2025-01-10 01:00:00
219,Auriculares,Audio,2,123.39,2025-01-10 02:00:00
220,Auriculares,Periféricos,4,91.29,2025-01-10 03:00:00
221,Teclado,Audio,2,49.94,2025-01-10 04:00:00
222,Auriculares,Audio,3,83.52,2025-01-10 05:00:00
223,Mouse,Periféricos,3,11.5,2025-01-10 06:00:00
224,Monitor,Video,4,177.06,2025-01-10 07:00:00
225,Auriculares,Periféricos,4,253.46,2025-01-10 08:00:00
226,Auriculares,Audio,3,166.95,2025-01-10 09:00:00
227,Teclado,Audio,4,69.69,2025-01-10 10:00:00
228,Teclado,Periféricos,2,14.93,2025-01-10 11:00:00
229,Mouse,Video,2,68.32,2025-01-10 12:00:00
230,Monitor,Video,3,127.76,2025-01-10 13:00:00
231,Teclado,Audio,1,229.09,2025-01-10 14:00:00
232,Auriculares,Audio,2,60.41,2025-01-10 15:00:00
233,Monitor,Video,4,217.34,2025-01-10 16:00:00
234,Monitor,Periféricos,1,260.75,2025-01-10 17:00:00
235,Auriculares,Audio,1,138.91,2025-01-10 18:00:00
236,Teclado,Audio,2,247.32,2025-01-10 19:00:00
237,Auriculares,Video,2,168.62,2025-01-10 20:00:00
238,Monitor,Periféricos,1,192.94,2025-01-10 21:00:00
239,Webcam,Video,1,160.25,2025-01-10 22:00:00
240,Webcam,Periféricos,3,141.64,2025-01-10 23:00:00
241,Mouse,Periféricos,4,74.22,2025-01-11 00:00:00
242,Auriculares,Periféricos,3,94.44,2025-01-11 01:00:00
243,Auriculares,Audio,2,90.54,2025-01-11 02:00:00
244,Mouse,Video,3,171.17,2025-01-11 03:00:00
245,Mouse,Video,3,40.39,2025-01-11 04:00:00
246,Mouse,Periféricos,3,275.45,2025-01-11 05:00:00
247,Monitor,Audio,3,217.59,2025-01-11 06:00:00
248,Auriculares,Audio,4,123.43,2025-01-11 07:00:00
249,Monitor,Video,4,51.79,2025-01-11 08:00:00
250,Mouse,Audio,1,265.19,2025-01-11 09:00:00
251,Auriculares,Audio,2,248.01,2025-01-11 10:00:00
252,Monitor,Periféricos,3,217.91,2025-01-11 11:00:00
253,Monitor,Audio,1,85.11,2025-01-11 12:00:00
254,Mouse,Periféricos,1,123.72,2025-01-11 13:00:00
255,Auriculares,Video,1,35.31,2025-01-11 14:00:00
256,Mouse,Audio,4,60.77,2025-01-11 15:00:00
257,Auriculares,Video,3,235.99,2025-01-11 16:00:00
258,Webcam,Video,3,215.94,2025-01-11 17:00:00
259,Teclado,Audio,2,180.08,2025-01-11 18:00:00
260,Teclado,Audio,3,269.24,2025-01-11 19:00:00
261,Teclado,Video,3,177.06,2025-01-11 20:00:00
262,Mouse,Audio,1,142.76,2025-01-11 21:00:00
263,Webcam,Periféricos,2,105.41,2025-01-11 22:00:00
264,Auriculares,Periféricos,3,282.43,2025-01-11 23:00:00
265,Monitor,Audio,4,29.4,2025-01-12 00:00:00
266,Auriculares,Video,3,279.61,2025-01-12 01:00:00
267,Monitor,Audio,1,248.88,2025-01-12 02:00:00
268,Auriculares,Audio,4,43.33,2025-01-12 03:00:00
269,Webcam,Video,1,171.67,2025-01-12 04:00:00
270,Monitor,Video,3,260.63,2025-01-12 05:00:00
271,Mouse,Periféricos,4,173.68,2025-01-12 06:00:00
272,Auriculares,Video,2,272.62,2025-01-12 07:00:00
273,Auriculares,Periféricos,2,283.18,2025-01-12 08:00:00
274,Monitor,Video,4,129.6,2025-01-12 09:00:00
275,Mouse,Audio,4,116.31,2025-01-12 10:00:00
276,Mouse,Periféricos,1,281.21,2025-01-12 11:00:00
277,Webcam,Periféricos,4,204.17,2025-01-12 12:00:00
278,Mouse,Periféricos,1,39.23,2025-01-12 13:00:00
279,Mouse,Audio,3,17.48,2025-01-12 14:00:00
280,Mouse,Audio,1,171.57,2025-01-12 15:00:00
281,Teclado,Audio,4,279.4,2025-01-12 16:00:00
282,Webcam,Audio,4,254.05,2025-01-12 17:00:00
283,Auriculares,Audio,3,204.38,2025-01-12 18:00:00
284,Monitor,Periféricos,4,46.04,2025-01-12 19:00:00
285,Auriculares,Audio,4,80.0,2025-01-12 20:00:00
286,Webcam,Periféricos,2,263.28,2025-01-12 21:00:00
287,Monitor,Audio,2,58.93,2025-01-12 22:00:00
288,Webcam,Video,3,87.14,2025-01-12 23:00:00
289,Mouse,Periféricos,1,43.23,2025-01-13 00:00:00
290,Monitor,Video,2,204.45,2025-01-13 01:00:00
291,Mouse,Periféricos,1,283.47,2025-01-13 02:00:00
292,Auriculares,Video,4,84.35,2025-01-13 03:00:00
293,Auriculares,Audio,2,145.24,2025-01-13 04:00:00
294,Monitor,Audio,3,192.13,2025-01-13 05:00:00
295,Monitor,Audio,3,299.84,2025-01-13 06:00:00
296,Webcam,Periféricos,3,35.92,2025-01-13 07:00:00
297,Webcam,Video,2,152.08,2025-01-13 08:00:00
298,Mouse,Audio,1,118.61,2025-01-13 09:00:00
299,Monitor,Video,4,260.42,2025-01-13 10:00:00
300,Auriculares,Video,1,145.41,2025-01-13 11:00:00
301,Webcam,Audio,1,37.74,2025-01-13 12:00:00
302,Webcam,Audio,4,192.16,2025-01-13 13:00:00
303,Auriculares,Video,4,232.38,2025-01-13 14:00:00
304,Webcam,Audio,2,5.85,2025-01-13 15:00:00
305,Mouse,Audio,2,258.39,2025-01-13 16:00:00
306,Monitor,Audio,2,59.88,2025-01-13 17:00:00
307,Auriculares,Periféricos,2,167.86,2025-01-13 18:00:00
308,Monitor,Video,2,127.66,2025-01-13 19:00:00
309,Webcam,Video,4,217.3,2025-01-13 20:00:00
310,Webcam,Periféricos,1,114.49,2025-01-13 21:00:00
311,Auriculares,Video,2,261.58,2025-01-13 22:00:00
312,Mouse,Audio,2,220.5,2025-01-13 23:00:00
313,Teclado,Video,1,196.08,2025-01-14 00:00:00
314,Auriculares,Audio,2,239.89,2025-01-14 01:00:00
315,Teclado,Periféricos,1,227.44,2025-01-14 02:00:00
316,Teclado,Audio,1,15.6,2025-01-14 03:00:00
317,Mouse,Video,4,121.45,2025-01-14 04:00:00
318,Teclado,Video,3,279.59,2025-01-14 05:00:00
319,Teclado,Video,4,42.09,2025-01-14 06:00:00
320,Mouse,Periféricos,3,222.44,2025-01-14 07:00:00
321,Teclado,Periféricos,3,292.5,2025-01-14 08:00:00
322,Teclado,Video,3,20.4,2025-01-14 09:00:00
323,Teclado,Audio,2,206.25,2025-01-14 10:00:00
324,Auriculares,Periféricos,4,143.11,2025-01-14 11:00:00
325,Auriculares,Video,3,175.86,2025-01-14 12:00:00
326,Auriculares,Video,1,30.18,2025-01-14 13:00:00
327,Mouse,Periféricos,2,17.69,2025-01-14 14:00:00
328,Webcam,Periféricos,4,201.73,2025-01-14 15:00:00
329,Teclado,Periféricos,3,247.88,2025-01-14 16:00:00
330,Teclado,Audio,1,235.69,2025-01-14 17:00:00
331,Mouse,Audio,4,165.42,2025-01-14 18:00:00
332,Teclado,Video,4,34.46,2025-01-14 19:00:00
333,Auriculares,Periféricos,2,207.97,2025-01-14 20:00:00
334,Webcam,Audio,4,76.36,2025-01-14 21:00:00
335,Monitor,Periféricos,2,273.77,2025-01-14 22:00:00
336,Teclado,Video,3,252.29,2025-01-14 23:00:00
337,Auriculares,Audio,2,214.27,2025-01-15 00:00:00
338,Monitor,Audio,1,284.91,2025-01-15 01:00:00
339,Webcam,Audio,2,14.27,2025-01-15 02:00:00
340,Monitor,Video,1,222.18,2025-01-15 03:00:00
341,Auriculares,Periféricos,2,102.42,2025-01-15 04:00:00
342,Monitor,Audio,4,272.29,2025-01-15 05:00:00
343,Mouse,Video,3,83.67,2025-01-15 06:00:00
344,Monitor,Periféricos,1,218.83,2025-01-15 07:00:00
345,Teclado,Video,2,263.91,2025-01-15 08:00:00
346,Teclado,Periféricos,2,17.29,2025-01-15 09:00:00
347,Mouse,Video,2,122.31,2025-01-15 10:00:00
348,Auriculares,Periféricos,4,229.88,2025-01-15 11:00:00
349,Teclado,Audio,4,139.2,2025-01-15 12:00:00
350,Webcam,Periféricos,1,83.84,2025-01-15 13:00:00
351,Teclado,Video,1,69.84,2025-01-15 14:00:00
352,Teclado,Video,4,43.8,2025-01-15 15:00:00
353,Auriculares,Periféricos,1,257.85,2025-01-15 16:00:00
354,Monitor,Audio,3,174.73,2025-01-15 17:00:00
355,Teclado,Audio,3,27.53,2025-01-15 18:00:00
356,Mouse,Periféricos,4,117.86,2025-01-15 19:00:00
357,Monitor,Periféricos,1,113.48,2025-01-15 20:00:00
358,Webcam,Video,2,58.61,2025-01-15 21:00:00
359,Auriculares,Audio,3,133.47,2025-01-15 22:00:00
360,Webcam,Periféricos,4,102.97,2025-01-15 23:00:00
361,Monitor,Audio,1,105.83,2025-01-16 00:00:00
362,Monitor,Periféricos,4,223.01,2025-01-16 01:00:00
363,Monitor,Periféricos,2,70.86,2025-01-16 02:00:00
364,Webcam,Audio,3,194.35,2025-01-16 03:00:00
365,Monitor,Periféricos,4,173.34,2025-01-16 04:00:00
366,Webcam,Periféricos,4,172.59,2025-01-16 05:00:00
367,Monitor,Video,4,200.59,2025-01-16 06:00:00
368,Mouse,Periféricos,2,166.77,2025-01-16 07:00:00
369,Monitor,Periféricos,4,264.38,2025-01-16 08:00:00
370,Webcam,Periféricos,2,204.3,2025-01-16 09:00:00
371,Teclado,Video,2,166.35,2025-01-16 10:00:00
372,Monitor,Audio,2,249.78,2025-01-16 11:00:00
373,Teclado,Video,3,183.81,2025-01-16 12:00:00
374,Mouse,Video,3,90.89,2025-01-16 13:00:00
375,Auriculares,Audio,4,66.09,2025-01-16 14:00:00
376,Mouse,Video,4,49.94,2025-01-16 15:00:00
377,Monitor,Audio,3,270.34,2025-01-16 16:00:00
378,Teclado,Video,1,214.49,2025-01-16 17:00:00
379,Teclado,Audio,3,281.53,2025-01-16 18:00:00
380,Webcam,Periféricos,2,182.97,2025-01-16 19:00:00
381,Teclado,Video,3,144.65,2025-01-16 20:00:00
382,Webcam,Video,2,22.62,2025-01-16 21:00:00
383,Auriculares,Video,4,203.13,2025-01-16 22:00:00
384,Monitor,Video,1,176.75,2025-01-16 23:00:00
385,Webcam,Periféricos,4,297.11,2025-01-17 00:00:00
386,Auriculares,Video,2,75.55,2025-01-17 01:00:00
387,Teclado,Periféricos,2,161.57,2025-01-17 02:00:00
388,Teclado,Periféricos,2,197.03,2025-01-17 03:00:00
389,Auriculares,Periféricos,1,195.15,2025-01-17 04:00:00
390,Teclado,Periféricos,3,170.58,2025-01-17 05:00:00
391,Auriculares,Audio,4,234.19,2025-01-17 06:00:00
392,Webcam,Audio,4,65.47,2025-01-17 07:00:00
393,Webcam,Video,3,219.06,2025-01-17 08:00:00
394,Auriculares,Audio,4,187.82,2025-01-17 09:00:00
395,Webcam,Audio,1,269.34,2025-01-17 10:00:00
396,Webcam,Video,4,254.92,2025-01-17 11:00:00
397,Webcam,Video,2,97.97,2025-01-17 12:00:00
398,Mouse,Video,3,86.49,2025-01-17 13:00:00
399,Monitor,Audio,1,294.59,2025-01-17 14:00:00
400,Teclado,Audio,3,160.54,2025-01-17 15:00:00
401,Mouse,Video,1,272.39,2025-01-17 16:00:00
402,Webcam,Periféricos,2,53.34,2025-01-17 17:00:00
403,Auriculares,Video,3,194.63,2025-01-17 18:00:00
404,Webcam,Periféricos,4,243.91,2025-01-17 19:00:00
405,Monitor,Periféricos,1,284.48,2025-01-17 20:00:00
406,Webcam,Video,3,104.52,2025-01-17 21:00:00
407,Auriculares,Video,4,218.87,2025-01-17 22:00:00
408,Monitor,Video,3,163.95,2025-01-17 23:00:00
409,Webcam,Audio,3,22.89,2025-01-18 00:00:00
410,Monitor,Periféricos,3,208.55,2025-01-18 01:00:00
411,Teclado,Audio,1,208.58,2025-01-18 02:00:00
412,Teclado,Audio,4,279.53,2025-01-18 03:00:00
413,Webcam,Video,2,151.71,2025-01-18 04:00:00
414,Monitor,Audio,1,72.92,2025-01-18 05:00:00
415,Auriculares,Video,1,18.15,2025-01-18 06:00:00
416,Webcam,Periféricos,1,127.61,2025-01-18 07:00:00
417,Teclado,Video,2,94.07,2025-01-18 08:00:00
418,Teclado,Audio,4,229.52,2025-01-18 09:00:00
419,Webcam,Audio,4,109.51,2025-01-18 10:00:00
420,Monitor,Video,4,284.98,2025-01-18 11:00:00
421,Teclado,Video,3,288.88,2025-01-18 12:00:00
422,Monitor,Audio,3,188.17,2025-01-18 13:00:00
423,Teclado,Periféricos,3,278.95,2025-01-18 14:00:00
424,Teclado,Periféricos,2,229.45,2025-01-18 15:00:00
425,Mouse,Video,3,166.32,2025-01-18 16:00:00
426,Teclado,Periféricos,2,58.19,2025-01-18 17:00:00
427,Auriculares,Audio,4,140.29,2025-01-18 18:00:00
428,Webcam,Video,3,170.46,2025-01-18 19:00:00
429,Webcam,Audio,3,259.87,2025-01-18 20:00:00
430,Monitor,Audio,1,146.99,2025-01-18 21:00:00
431,Teclado,Periféricos,2,269.81,2025-01-18 22:00:00
432,Auriculares,Video,4,203.93,2025-01-18 23:00:00
433,Monitor,Video,1,45.41,2025-01-19 00:00:00
434,Mouse,Periféricos,1,298.52,2025-01-19 01:00:00
435,Monitor,Audio,4,160.53,2025-01-19 02:00:00
436,Monitor,Audio,1,120.6,2025-01-19 03:00:00
437,Teclado,Audio,2,199.44,2025-01-19 04:00:00
438,Mouse,Audio,2,37.12,2025-01-19 05:00:00
439,Monitor,Video,3,192.78,2025-01-19 06:00:00
440,Auriculares,Video,1,151.98,2025-01-19 07:00:00
441,Auriculares,Periféricos,3,124.97,2025-01-19 08:00:00
442,Webcam,Periféricos,1,286.14,2025-01-19 09:00:00
443,Mouse,Video,2,159.15,2025-01-19 10:00:00
444,Mouse,Video,2,69.64,2025-01-19 11:00:00
445,Webcam,Audio,2,140.39,2025-01-19 12:00:00
446,Monitor,Audio,1,276.22,2025-01-19 13:00:00
447,Mouse,Periféricos,2,56.95,2025-01-19 14:00:00
448,Auriculares,Video,1,68.12,2025-01-19 15:00:00
449,Auriculares,Periféricos,3,8.84,2025-01-19 16:00:00
450,Teclado,Video,1,9.19,2025-01-19 17:00:00
451,Mouse,Audio,3,249.67,2025-01-19 18:00:00
452,Monitor,Periféricos,1,220.98,2025-01-19 19:00:00
453,Webcam,Periféricos,3,109.74,2025-01-19 20:00:00
454,Webcam,Video,2,211.0,2025-01-19 21:00:00
455,Monitor,Audio,3,121.59,2025-01-19 22:00:00
456,Teclado,Periféricos,2,286.1,2025-01-19 23:00:00
457,Webcam,Audio,2,290.28,2025-01-20 00:00:00
458,Mouse,Periféricos,3,120.87,2025-01-20 01:00:00
459,Teclado,Audio,1,257.0,2025-01-20 02:00:00
460,Mouse,Video,1,233.06,2025-01-20 03:00:00
461,Auriculares,Periféricos,4,96.45,2025-01-20 04:00:00
462,Teclado,Periféricos,1,73.45,2025-01-20 05:00:00
463,Webcam,Audio,4,140.18,2025-01-20 06:00:00
464,Teclado,Audio,1,235.5,2025-01-20 07:00:00
465,Teclado,Periféricos,1,288.25,2025-01-20 08:00:00
466,Teclado,Video,2,230.26,2025-01-20 09:00:00
467,Teclado,Audio,4,257.29,2025-01-20 10:00:00
468,Mouse,Audio,1,182.9,2025-01-20 11:00:00
469,Auriculares,Audio,4,251.45,2025-01-20 12:00:00
470,Monitor,Periféricos,2,236.4,2025-01-20 13:00:00
471,Teclado,Periféricos,2,116.21,2025-01-20 14:00:00
472,Webcam,Periféricos,4,167.84,2025-01-20 15:00:00
473,Teclado,Periféricos,2,242.4,2025-01-20 16:00:00
474,Webcam,Video,3,18.59,2025-01-20 17:00:00
475,Mouse,Video,3,243.38,2025-01-20 18:00:00
476,Webcam,Periféricos,2,57.48,2025-01-20 19:00:00
477,Monitor,Video,3,156.83,2025-01-20 20:00:00
478,Auriculares,Audio,1,243.44,2025-01-20 21:00:00
479,Webcam,Audio,4,79.88,2025-01-20 22:00:00
480,Webcam,Audio,1,77.51,2025-01-20 23:00:00
481,Auriculares,Periféricos,4,123.82,2025-01-21 00:00:00
482,Monitor,Audio,2,268.92,2025-01-21 01:00:00
483,Teclado,Video,1,5.13,2025-01-21 02:00:00
484,Webcam,Periféricos,2,270.91,2025-01-21 03:00:00
485,Auriculares,Video,2,50.37,2025-01-21 04:00:00
486,Mouse,Audio,4,297.08,2025-01-21 05:00:00
487,Auriculares,Audio,4,286.68,2025-01-21 06:00:00
488,Mouse,Audio,4,150.93,2025-01-21 07:00:00
489,Monitor,Periféricos,1,156.25,2025-01-21 08:00:00
490,Teclado,Video,3,147.06,2025-01-21 09:00:00
491,Auriculares,Periféricos,4,192.46,2025-01-21 10:00:00
492,Webcam,Periféricos,4,31.76,2025-01-21 11:00:00
493,Monitor,Audio,1,14.62,2025-01-21 12:00:00
494,Auriculares,Periféricos,4,22.02,2025-01-21 13:00:00
495,Webcam,Periféricos,1,136.09,2025-01-21 14:00:00
496,Auriculares,Audio,2,86.29,2025-01-21 15:00:00
497,Mouse,Periféricos,4,188.5,2025-01-21 16:00:00
498,Auriculares,Audio,4,297.77,2025-01-21 17:00:00
499,Auriculares,Audio,2,118.97,2025-01-21 18:00:00
500,Auriculares,Audio,2,174.28,2025-01-21 19:00:00
501,Monitor,Audio,2,127.6,2025-01-21 20:00:00
502,Auriculares,Periféricos,4,254.95,2025-01-21 21:00:00
503,Webcam,Audio,3,271.16,2025-01-21 22:00:00
504,Mouse,Audio,3,263.82,2025-01-21 23:00:00
505,Mouse,Periféricos,3,292.44,2025-01-22 00:00:00
506,Auriculares,Periféricos,4,13.12,2025-01-22 01:00:00
507,Monitor,Video,2,252.75,2025-01-22 02:00:00
508,Monitor,Periféricos,4,226.77,2025-01-22 03:00:00
509,Webcam,Periféricos,2,72.46,2025-01-22 04:00:00
510,Auriculares,Video,4,287.11,2025-01-22 05:00:00
511,Mouse,Periféricos,4,48.71,2025-01-22 06:00:00
512,Monitor,Periféricos,2,205.47,2025-01-22 07:00:00
513,Auriculares,Periféricos,3,71.34,2025-01-22 08:00:00
514,Monitor,Periféricos,2,132.26,2025-01-22 09:00:00
515,Monitor,Video,1,217.15,2025-01-22 10:00:00
516,Mouse,Periféricos,1,171.18,2025-01-22 11:00:00
517,Teclado,Periféricos,2,131.11,2025-01-22 12:00:00
518,Webcam,Video,4,101.27,2025-01-22 13:00:00
519,Webcam,Audio,1,252.7,2025-01-22 14:00:00
520,Mouse,Video,1,47.43,2025-01-22 15:00:00
521,Monitor,Audio,4,131.88,2025-01-22 16:00:00
522,Auriculares,Video,4,271.61,2025-01-22 17:00:00
523,Monitor,Video,3,254.53,2025-01-22 18:00:00
524,Mouse,Periféricos,4,123.28,2025-01-22 19:00:00
525,Webcam,Audio,2,230.12,2025-01-22 20:00:00
526,Monitor,Periféricos,2,247.83,2025-01-22 21:00:00
527,Webcam,Audio,3,267.22,2025-01-22 22:00:00
528,Auriculares,Video,1,165.63,2025-01-22 23:00:00
529,Webcam,Video,1,65.32,2025-01-23 00:00:00
530,Webcam,Audio,4,80.32,2025-01-23 01:00:00
531,Teclado,Periféricos,2,92.23,2025-01-23 02:00:00
532,Teclado,Periféricos,1,180.17,2025-01-23 03:00:00
533,Teclado,Periféricos,3,14.68,2025-01-23 04:00:00
534,Webcam,Periféricos,3,192.63,2025-01-23 05:00:00
535,Mouse,Video,2,112.48,2025-01-23 06:00:00
536,Webcam,Video,3,92.1,2025-01-23 07:00:00
537,Mouse,Video,3,264.45,2025-01-23 08:00:00
538,Mouse,Video,2,140.7,2025-01-23 09:00:00
539,Teclado,Video,4,33.04,2025-01-23 10:00:00
540,Monitor,Periféricos,4,248.89,2025-01-23 11:00:00
541,Auriculares,Periféricos,3,19.05,2025-01-23 12:00:00
542,Teclado,Periféricos,4,219.39,2025-01-23 13:00:00
543,Teclado,Periféricos,4,233.3,2025-01-23 14:00:00
544,Monitor,Video,3,109.02,2025-01-23 15:00:00
545,Auriculares,Video,4,248.31,2025-01-23 16:00:00
546,Webcam,Video,3,157.12,2025-01-23 17:00:00
547,Webcam,Audio,1,141.67,2025-01-23 18:00:00
548,Teclado,Periféricos,2,18.39,2025-01-23 19:00:00
549,Auriculares,Periféricos,2,90.56,2025-01-23 20:00:00
550,Teclado,Video,4,279.65,2025-01-23 21:00:00
551,Mouse,Periféricos,4,120.59,2025-01-23 22:00:00
552,Teclado,Periféricos,4,166.28,2025-01-23 23:00:00
553,Teclado,Video,2,161.95,2025-01-24 00:00:00
554,Webcam,Audio,1,179.18,2025-01-24 01:00:00
555,Webcam,Audio,1,23.09,2025-01-24 02:00:00
556,Webcam,Audio,2,111.84,2025-01-24 03:00:00
557,Mouse,Video,1,218.32,2025-01-24 04:00:00
558,Webcam,Periféricos,2,64.17,2025-01-24 05:00:00
559,Auriculares,Video,1,65.06,2025-01-24 06:00:00
560,Monitor,Video,3,7.98,2025-01-24 07:00:00
561,Auriculares,Periféricos,3,134.06,2025-01-24 08:00:00
562,Auriculares,Audio,2,265.41,2025-01-24 09:00:00
563,Webcam,Audio,1,20.31,2025-01-24 10:00:00
564,Monitor,Video,4,61.38,2025-01-24 11:00:00
565,Monitor,Audio,1,96.47,2025-01-24 12:00:00
566,Monitor,Video,3,220.86,2025-01-24 13:00:00
567,Mouse,Video,3,193.99,2025-01-24 14:00:00
568,Webcam,Periféricos,1,127.7,2025-01-24 15:00:00
569,Monitor,Periféricos,1,228.93,2025-01-24 16:00:00
570,Mouse,Periféricos,4,184.84,2025-01-24 17:00:00
571,Teclado,Video,4,269.33,2025-01-24 18:00:00
572,Teclado,Periféricos,1,246.32,2025-01-24 19:00:00
573,Mouse,Audio,1,79.58,2025-01-24 20:00:00
574,Mouse,Audio,1,85.07,2025-01-24 21:00:00
575,Webcam,Video,1,41.98,2025-01-24 22:00:00
576,Webcam,Video,2,104.4,2025-01-24 23:00:00
577,Teclado,Periféricos,1,299.87,2025-01-25 00:00:00
578,Monitor,Video,4,124.7,2025-01-25 01:00:00
579,Teclado,Video,3,70.04,2025-01-25 02:00:00
580,Monitor,Audio,2,229.93,2025-01-25 03:00:00
581,Monitor,Audio,1,165.03,2025-01-25 04:00:00
582,Webcam,Periféricos,3,49.13,2025-01-25 05:00:00
583,Auriculares,Video,2,117.3,2025-01-25 06:00:00
584,Auriculares,Video,3,127.27,2025-01-25 07:00:00
585,Mouse,Audio,1,227.38,2025-01-25 08:00:00
586,Webcam,Video,1,11.1,2025-01-25 09:00:00
587,Monitor,Audio,4,84.36,2025-01-25 10:00:00
588,Auriculares,Periféricos,1,157.69,2025-01-25 11:00:00
589,Monitor,Audio,1,84.31,2025-01-25 12:00:00
590,Auriculares,Video,2,190.39,2025-01-25 13:00:00
591,Auriculares,Periféricos,4,147.15,2025-01-25 14:00:00
592,Auriculares,Audio,2,111.7,2025-01-25 15:00:00
593,Webcam,Audio,3,285.02,2025-01-25 16:00:00
594,Teclado,Periféricos,1,191.49,2025-01-25 17:00:00
595,Monitor,Periféricos,3,43.33,2025-01-25 18:00:00
596,Webcam,Audio,2,170.23,2025-01-25 19:00:00
597,Webcam,Video,1,235.32,2025-01-25 20:00:00
598,Webcam,Audio,1,214.0,2025-01-25 21:00:00
599,Webcam,Periféricos,2,55.77,2025-01-25 22:00:00
600,Webcam,Audio,2,291.86,2025-01-25 23:00:00
601,Mouse,Periféricos,2,137.4,2025-01-26 00:00:00
602,Monitor,Periféricos,2,51.91,2025-01-26 01:00:00
603,Webcam,Video,2,58.16,2025-01-26 02:00:00
604,Monitor,Periféricos,1,33.98,2025-01-26 03:00:00
605,Mouse,Periféricos,2,242.04,2025-01-26 04:00:00
606,Mouse,Video,1,41.0,2025-01-26 05:00:00
607,Monitor,Periféricos,1,41.91,2025-01-26 06:00:00
608,Auriculares,Video,2,255.89,2025-01-26 07:00:00
609,Teclado,Video,2,106.66,2025-01-26 08:00:00
610,Auriculares,Periféricos,4,14.1,2025-01-26 09:00:00
611,Auriculares,Periféricos,1,20.31,2025-01-26 10:00:00
612,Auriculares,Audio,2,46.94,2025-01-26 11:00:00
613,Webcam,Video,2,67.95,2025-01-26 12:00:00
614,Mouse,Audio,2,201.22,2025-01-26 13:00:00
615,Auriculares,Periféricos,4,51.41,2025-01-26 14:00:00
616,Mouse,Audio,4,40.07,2025-01-26 15:00:00
617,Monitor,Video,3,230.59,2025-01-26 16:00:00
618,Teclado,Audio,1,202.96,2025-01-26 17:00:00
619,Monitor,Video,3,133.42,2025-01-26 18:00:00
620,Monitor,Periféricos,2,167.05,2025-01-26 19:00:00
621,Webcam,Periféricos,4,97.04,2025-01-26 20:00:00
622,Teclado,Video,4,147.34,2025-01-26 21:00:00
623,Monitor,Periféricos,3,154.47,2025-01-26 22:00:00
624,Monitor,Periféricos,4,119.23,2025-01-26 23:00:00
625,Teclado,Periféricos,2,272.44,2025-01-27 00:00:00
626,Teclado,Periféricos,4,9.74,2025-01-27 01:00:00
627,Monitor,Video,3,235.74,2025-01-27 02:00:00
628,Teclado,Audio,2,41.69,2025-01-27 03:00:00
629,Monitor,Audio,3,240.28,2025-01-27 04:00:00
630,Monitor,Periféricos,4,186.69,2025-01-27 05:00:00
631,Webcam,Audio,3,253.77,2025-01-27 06:00:00
632,Auriculares,Audio,3,33.77,2025-01-27 07:00:00
633,Monitor,Periféricos,1,169.9,2025-01-27 08:00:00
634,Mouse,Periféricos,4,152.82,2025-01-27 09:00:00
635,Auriculares,Audio,4,213.33,2025-01-27 10:00:00
636,Auriculares,Video,3,162.62,2025-01-27 11:00:00
637,Auriculares,Periféricos,1,164.52,2025-01-27 12:00:00
638,Webcam,Video,4,131.73,2025-01-27 13:00:00
639,Monitor,Audio,2,96.11,2025-01-27 14:00:00
640,Webcam,Periféricos,3,147.27,2025-01-27 15:00:00
641,Monitor,Video,4,39.96,2025-01-27 16:00:00
642,Webcam,Periféricos,2,288.65,2025-01-27 17:00:00
643,Webcam,Audio,4,215.75,2025-01-27 18:00:00
644,Mouse,Video,2,285.98,2025-01-27 19:00:00
645,Webcam,Audio,3,71.88,2025-01-27 20:00:00
646,Teclado,Audio,4,264.41,2025-01-27 21:00:00
647,Mouse,Periféricos,4,243.59,2025-01-27 22:00:00
648,Webcam,Video,1,204.76,2025-01-27 23:00:00
649,Auriculares,Audio,3,189.38,2025-01-28 00:00:00
650,Teclado,Audio,2,98.38,2025-01-28 01:00:00
651,Teclado,Video,4,245.84,2025-01-28 02:00:00
652,Teclado,Audio,4,152.95,2025-01-28 03:00:00
653,Mouse,Audio,2,25.91,2025-01-28 04:00:00
654,Webcam,Video,3,97.29,2025-01-28 05:00:00
655,Webcam,Video,1,280.91,2025-01-28 06:00:00
656,Auriculares,Video,1,255.95,2025-01-28 07:00:00
657,Auriculares,Video,4,294.66,2025-01-28 08:00:00
658,Teclado,Periféricos,2,190.26,2025-01-28 09:00:00
659,Auriculares,Video,4,78.02,2025-01-28 10:00:00
660,Mouse,Periféricos,2,53.03,2025-01-28 11:00:00
661,Webcam,Periféricos,1,60.14,2025-01-28 12:00:00
662,Teclado,Periféricos,3,10.84,2025-01-28 13:00:00
663,Auriculares,Audio,2,120.25,2025-01-28 14:00:00
664,Mouse,Periféricos,1,61.47,2025-01-28 15:00:00
665,Mouse,Periféricos,4,126.44,2025-01-28 16:00:00
666,Auriculares,Audio,2,280.82,2025-01-28 17:00:00
667,Webcam,Audio,3,132.01,2025-01-28 18:00:00
668,Auriculares,Audio,4,264.01,2025-01-28 19:00:00
669,Teclado,Video,4,183.62,2025-01-28 20:00:00
670,Auriculares,Audio,1,77.9,2025-01-28 21:00:00
671,Mouse,Audio,2,109.98,2025-01-28 22:00:00
672,Auriculares,Periféricos,4,29.76,2025-01-28 23:00:00
673,Webcam,Audio,3,103.37,2025-01-29 00:00:00
674,Monitor,Video,2,204.87,2025-01-29 01:00:00
675,Auriculares,Audio,3,26.27,2025-01-29 02:00:00
676,Webcam,Video,4,65.59,2025-01-29 03:00:00
677,Webcam,Audio,3,117.53,2025-01-29 04:00:00
678,Mouse,Audio,1,294.7,2025-01-29 05:00:00
679,Webcam,Audio,3,236.53,2025-01-29 06:00:00
680,Webcam,Audio,2,221.38,2025-01-29 07:00:00
681,Webcam,Video,3,39.28,2025-01-29 08:00:00
682,Webcam,Video,3,235.39,2025-01-29 09:00:00
683,Teclado,Periféricos,1,236.65,2025-01-29 10:00:00
684,Teclado,Video,3,182.33,2025-01-29 11:00:00
685,Mouse,Audio,3,297.16,2025-01-29 12:00:00
686,Auriculares,Periféricos,4,100.95,2025-01-29 13:00:00
687,Webcam,Periféricos,4,282.68,2025-01-29 14:00:00
688,Auriculares,Periféricos,2,274.85,2025-01-29 15:00:00
689,Auriculares,Audio,4,8.39,2025-01-29 16:00:00
690,Mouse,Video,4,137.78,2025-01-29 17:00:00
691,Webcam,Audio,4,293.25,2025-01-29 18:00:00
692,Webcam,Periféricos,4,35.42,2025-01-29 19:00:00
693,Monitor,Audio,1,166.6,2025-01-29 20:00:00
694,Auriculares,Audio,4,293.79,2025-01-29 21:00:00
695,Auriculares,Video,1,168.87,2025-01-29 22:00:00
696,Teclado,Video,1,61.0,2025-01-29 23:00:00
697,Monitor,Periféricos,4,176.74,2025-01-30 00:00:00
698,Teclado,Audio,3,65.31,2025-01-30 01:00:00
699,Teclado,Audio,1,158.31,2025-01-30 02:00:00
700,Teclado,Video,3,26.84,2025-01-30 03:00:00
701,Mouse,Audio,3,183.62,2025-01-30 04:00:00
702,Mouse,Audio,4,157.45,2025-01-30 05:00:00
703,Teclado,Audio,2,223.35,2025-01-30 06:00:00
704,Monitor,Video,4,191.06,2025-01-30 07:00:00
705,Auriculares,Periféricos,2,167.13,2025-01-30 08:00:00
706,Monitor,Periféricos,2,208.48,2025-01-30 09:00:00
707,Webcam,Audio,4,47.46,2025-01-30 10:00:00
708,Mouse,Periféricos,4,180.63,2025-01-30 11:00:00
709,Auriculares,Video,2,55.77,2025-01-30 12:00:00
710,Auriculares,Video,4,278.03,2025-01-30 13:00:00
711,Webcam,Periféricos,2,25.16,2025-01-30 14:00:00
712,Webcam,Periféricos,3,131.96,2025-01-30 15:00:00
713,Teclado,Audio,4,210.26,2025-01-30 16:00:00
714,Mouse,Periféricos,3,140.12,2025-01-30 17:00:00
715,Mouse,Audio,1,32.17,2025-01-30 18:00:00
716,Monitor,Audio,3,168.25,2025-01-30 19:00:00
717,Teclado,Video,3,194.28,2025-01-30 20:00:00
718,Teclado,Video,2,212.62,2025-01-30 21:00:00
719,Teclado,Video,3,115.11,2025-01-30 22:00:00
720,Teclado,Video,4,171.28,2025-01-30 23:00:00
721,Mouse,Periféricos,2,137.95,2025-01-31 00:00:00
722,Mouse,Video,1,203.26,2025-01-31 01:00:00
723,Teclado,Periféricos,4,177.15,2025-01-31 02:00:00
724,Monitor,Video,1,160.1,2025-01-31 03:00:00
725,Auriculares,Periféricos,3,78.61,2025-01-31 04:00:00
726,Auriculares,Audio,4,5.6,2025-01-31 05:00:00
727,Monitor,Periféricos,4,56.35,2025-01-31 06:00:00
728,Teclado,Periféricos,1,39.53,2025-01-31 07:00:00
729,Mouse,Video,4,137.48,2025-01-31 08:00:00
730,Auriculares,Periféricos,4,185.62,2025-01-31 09:00:00
731,Webcam,Audio,4,67.86,2025-01-31 10:00:00
732,Webcam,Audio,3,282.02,2025-01-31 11:00:00
733,Monitor,Video,1,6.97,2025-01-31 12:00:00
734,Teclado,Audio,4,232.83,2025-01-31 13:00:00
735,Auriculares,Periféricos,2,189.44,2025-01-31 14:00:00
736,Teclado,Audio,2,115.2,2025-01-31 15:00:00
737,Auriculares,Video,2,19.89,2025-01-31 16:00:00
738,Monitor,Periféricos,2,190.11,2025-01-31 17:00:00
739,Monitor,Video,3,118.76,2025-01-31 18:00:00
740,Webcam,Periféricos,4,281.2,2025-01-31 19:00:00
741,Teclado,Audio,1,164.89,2025-01-31 20:00:00
742,Webcam,Video,4,282.2,2025-01-31 21:00:00
743,Teclado,Video,3,70.04,2025-01-31 22:00:00
744,Webcam,Periféricos,2,219.09,2025-01-31 23:00:00
745,Mouse,Video,3,187.09,2025-02-01 00:00:00
746,Mouse,Periféricos,4,223.13,2025-02-01 01:00:00
747,Mouse,Periféricos,1,68.33,2025-02-01 02:00:00
748,Mouse,Periféricos,3,201.17,2025-02-01 03:00:00
749,Auriculares,Periféricos,1,151.92,2025-02-01 04:00:00
750,Mouse,Audio,3,224.13,2025-02-01 05:00:00
751,Monitor,Periféricos,1,101.48,2025-02-01 06:00:00
752,Monitor,Video,1,267.57,2025-02-01 07:00:00
753,Auriculares,Audio,2,29.87,2025-02-01 08:00:00
754,Mouse,Video,1,243.12,2025-02-01 09:00:00
755,Mouse,Audio,2,259.09,2025-02-01 10:00:00
756,Mouse,Periféricos,4,246.09,2025-02-01 11:00:00
757,Webcam,Audio,4,156.25,2025-02-01 12:00:00
758,Teclado,Audio,2,134.32,2025-02-01 13:00:00
759,Webcam,Video,2,298.9,2025-02-01 14:00:00
760,Teclado,Video,3,72.61,2025-02-01 15:00:00
761,Mouse,Periféricos,3,166.33,2025-02-01 16:00:00
762,Mouse,Audio,3,202.85,2025-02-01 17:00:00
763,Webcam,Audio,4,211.76,2025-02-01 18:00:00
764,Webcam,Audio,3,65.19,2025-02-01 19:00:00
765,Teclado,Periféricos,1,197.93,2025-02-01 20:00:00
766,Monitor,Periféricos,1,246.42,2025-02-01 21:00:00
767,Teclado,Periféricos,3,19.76,2025-02-01 22:00:00
768,Webcam,Periféricos,1,273.9,2025-02-01 23:00:00
769,Webcam,Periféricos,4,13.7,2025-02-02 00:00:00
770,Auriculares,Video,1,110.01,2025-02-02 01:00:00
771,Webcam,Audio,4,9.66,2025-02-02 02:00:00
772,Auriculares,Audio,2,27.76,2025-02-02 03:00:00
773,Monitor,Audio,2,273.79,2025-02-02 04:00:00
774,Teclado,Audio,2,109.68,2025-02-02 05:00:00
775,Teclado,Audio,2,130.31,2025-02-02 06:00:00
776,Auriculares,Audio,1,68.53,2025-02-02 07:00:00
777,Teclado,Audio,3,181.14,2025-02-02 08:00:00
778,Webcam,Audio,1,180.47,2025-02-02 09:00:00
779,Mouse,Video,4,114.8,2025-02-02 10:00:00
780,Auriculares,Audio,1,103.25,2025-02-02 11:00:00
781,Teclado,Video,1,266.06,2025-02-02 12:00:00
782,Auriculares,Periféricos,4,118.07,2025-02-02 13:00:00
783,Auriculares,Audio,2,150.58,2025-02-02 14:00:00
784,Mouse,Periféricos,2,88.57,2025-02-02 15:00:00
785,Webcam,Periféricos,2,237.1,2025-02-02 16:00:00
786,Auriculares,Periféricos,3,122.25,2025-02-02 17:00:00
787,Teclado,Video,4,156.52,2025-02-02 18:00:00
788,Monitor,Periféricos,4,79.74,2025-02-02 19:00:00
789,Auriculares,Periféricos,1,296.36,2025-02-02 20:00:00
790,Auriculares,Periféricos,3,90.99,2025-02-02 21:00:00
791,Mouse,Audio,2,232.37,2025-02-02 22:00:00
792,Webcam,Audio,3,131.11,2025-02-02 23:00:00
793,Monitor,Video,4,65.83,2025-02-03 00:00:00
794,Teclado,Video,4,240.92,2025-02-03 01:00:00
795,Monitor,Audio,1,103.41,2025-02-03 02:00:00
796,Teclado,Video,1,260.23,2025-02-03 03:00:00
797,Webcam,Audio,4,275.0,2025-02-03 04:00:00
798,Teclado,Periféricos,2,258.65,2025-02-03 05:00:00
799,Mouse,Periféricos,2,15.33,2025-02-03 06:00:00
800,Mouse,Video,3,237.28,2025-02-03 07:00:00
801,Mouse,Audio,4,126.35,2025-02-03 08:00:00
802,Mouse,Audio,4,262.75,2025-02-03 09:00:00
803,Monitor,Video,2,193.2,2025-02-03 10:00:00
804,Webcam,Audio,2,250.92,2025-02-03 11:00:00
805,Teclado,Periféricos,4,152.33,2025-02-03 12:00:00
806,Teclado,Video,1,162.83,2025-02-03 13:00:00
807,Mouse,Video,4,47.59,2025-02-03 14:00:00
808,Mouse,Audio,4,236.28,2025-02-03 15:00:00
809,Auriculares,Video,2,128.72,2025-02-03 16:00:00
810,Webcam,Audio,2,152.52,2025-02-03 17:00:00
811,Monitor,Audio,1,236.6,2025-02-03 18:00:00
812,Teclado,Audio,1,181.66,2025-02-03 19:00:00
813,Auriculares,Audio,3,64.32,2025-02-03 20:00:00
814,Auriculares,Audio,4,179.12,2025-02-03 21:00:00
815,Teclado,Video,2,125.25,2025-02-03 22:00:00
816,Monitor,Periféricos,1,143.51,2025-02-03 23:00:00
817,Auriculares,Periféricos,3,13.35,2025-02-04 00:00:00
818,Auriculares,Video,3,66.96,2025-02-04 01:00:00
819,Webcam,Video,2,87.91,2025-02-04 02:00:00
820,Monitor,Periféricos,2,215.32,2025-02-04 03:00:00
821,Auriculares,Periféricos,3,8.39,2025-02-04 04:00:00
822,Monitor,Periféricos,1,125.59,2025-02-04 05:00:00
823,Teclado,Periféricos,3,277.59,2025-02-04 06:00:00
824,Mouse,Periféricos,4,38.0,2025-02-04 07:00:00
825,Auriculares,Audio,4,157.35,2025-02-04 08:00:00
826,Webcam,Video,2,237.02,2025-02-04 09:00:00
827,Teclado,Audio,1,283.05,2025-02-04 10:00:00
828,Monitor,Periféricos,1,225.3,2025-02-04 11:00:00
829,Teclado,Periféricos,4,217.57,2025-02-04 12:00:00
830,Auriculares,Periféricos,3,248.81,2025-02-04 13:00:00
831,Monitor,Audio,2,136.63,2025-02-04 14:00:00
832,Mouse,Audio,3,242.72,2025-02-04 15:00:00
833,Teclado,Periféricos,3,7.35,2025-02-04 16:00:00
834,Auriculares,Audio,3,277.75,2025-02-04 17:00:00
835,Webcam,Audio,1,135.78,2025-02-04 18:00:00
836,Monitor,Periféricos,4,168.25,2025-02-04 19:00:00
837,Teclado,Audio,1,80.19,2025-02-04 20:00:00
838,Teclado,Video,4,224.05,2025-02-04 21:00:00
839,Mouse,Video,2,27.61,2025-02-04 22:00:00
840,Mouse,Video,2,262.43,2025-02-04 23:00:00
841,Webcam,Video,3,249.29,2025-02-05 00:00:00
842,Webcam,Periféricos,4,68.74,2025-02-05 01:00:00
843,Auriculares,Periféricos,4,243.75,2025-02-05 02:00:00
844,Auriculares,Periféricos,4,236.98,2025-02-05 03:00:00
845,Webcam,Video,3,191.5,2025-02-05 04:00:00
846,Webcam,Video,3,115.19,2025-02-05 05:00:00
847,Monitor,Audio,2,85.09,2025-02-05 06:00:00
848,Mouse,Audio,1,73.38,2025-02-05 07:00:00
849,Auriculares,Video,4,98.99,2025-02-05 08:00:00
850,Mouse,Video,4,271.55,2025-02-05 09:00:00
851,Mouse,Video,1,27.9,2025-02-05 10:00:00
852,Webcam,Video,4,249.52,2025-02-05 11:00:00
853,Monitor,Audio,3,107.92,2025-02-05 12:00:00
854,Teclado,Video,3,158.87,2025-02-05 13:00:00
855,Monitor,Audio,4,239.37,2025-02-05 14:00:00
856,Monitor,Video,3,265.89,2025-02-05 15:00:00
857,Mouse,Video,3,106.71,2025-02-05 16:00:00
858,Monitor,Video,4,141.24,2025-02-05 17:00:00
859,Auriculares,Audio,2,127.28,2025-02-05 18:00:00
860,Mouse,Audio,1,8.91,2025-02-05 19:00:00
861,Auriculares,Periféricos,3,92.3,2025-02-05 20:00:00
862,Teclado,Video,2,140.46,2025-02-05 21:00:00
863,Mouse,Periféricos,3,126.27,2025-02-05 22:00:00
864,Teclado,Periféricos,3,217.97,2025-02-05 23:00:00
865,Mouse,Audio,1,118.52,2025-02-06 00:00:00
866,Webcam,Audio,3,149.37,2025-02-06 01:00:00
867,Monitor,Periféricos,1,131.73,2025-02-06 02:00:00
868,Webcam,Video,1,223.48,2025-02-06 03:00:00
869,Teclado,Audio,1,259.58,2025-02-06 04:00:00
870,Monitor,Video,2,161.91,2025-02-06 05:00:00
871,Mouse,Video,4,237.88,2025-02-06 06:00:00
872,Monitor,Periféricos,2,92.55,2025-02-06 07:00:00
873,Auriculares,Periféricos,4,164.7,2025-02-06 08:00:00
874,Monitor,Periféricos,4,106.84,2025-02-06 09:00:00
875,Auriculares,Periféricos,1,127.19,2025-02-06 10:00:00
876,Monitor,Audio,3,221.06,2025-02-06 11:00:00
877,Auriculares,Audio,1,265.09,2025-02-06 12:00:00
878,Teclado,Periféricos,3,40.84,2025-02-06 13:00:00
879,Webcam,Audio,4,192.22,2025-02-06 14:00:00
880,Mouse,Periféricos,1,176.73,2025-02-06 15:00:00
881,Monitor,Video,3,39.93,2025-02-06 16:00:00
882,Webcam,Video,2,67.51,2025-02-06 17:00:00
883,Mouse,Video,3,96.75,2025-02-06 18:00:00
884,Mouse,Periféricos,1,54.24,2025-02-06 19:00:00
885,Auriculares,Video,2,76.9,2025-02-06 20:00:00
886,Teclado,Audio,3,83.94,2025-02-06 21:00:00
887,Teclado,Video,3,104.02,2025-02-06 22:00:00
888,Webcam,Video,3,226.07,2025-02-06 23:00:00
889,Teclado,Video,3,173.71,2025-02-07 00:00:00
890,Monitor,Audio,3,295.94,2025-02-07 01:00:00
891,Teclado,Periféricos,2,127.35,2025-02-07 02:00:00
892,Webcam,Audio,4,227.39,2025-02-07 03:00:00
893,Teclado,Periféricos,2,262.08,2025-02-07 04:00:00
894,Monitor,Periféricos,2,205.3,2025-02-07 05:00:00
895,Auriculares,Video,2,126.5,2025-02-07 06:00:00
896,Webcam,Periféricos,4,227.31,2025-02-07 07:00:00
897,Auriculares,Audio,1,65.08,2025-02-07 08:00:00
898,Auriculares,Audio,4,101.63,2025-02-07 09:00:00
899,Auriculares,Periféricos,2,166.27,2025-02-07 10:00:00
900,Mouse,Video,3,174.75,2025-02-07 11:00:00
901,Mouse,Video,3,11.53,2025-02-07 12:00:00
902,Auriculares,Audio,2,283.81,2025-02-07 13:00:00
903,Webcam,Video,3,210.51,2025-02-07 14:00:00
904,Monitor,Periféricos,2,151.23,2025-02-07 15:00:00
905,Monitor,Periféricos,3,280.27,2025-02-07 16:00:00
906,Teclado,Audio,4,134.53,2025-02-07 17:00:00
907,Webcam,Periféricos,1,294.23,2025-02-07 18:00:00
908,Mouse,Audio,1,156.12,2025-02-07 19:00:00
909,Auriculares,Periféricos,4,38.71,2025-02-07 20:00:00
910,Teclado,Audio,4,230.62,2025-02-07 21:00:00
911,Monitor,Video,2,205.27,2025-02-07 22:00:00
912,Mouse,Periféricos,2,233.03,2025-02-07 23:00:00
913,Mouse,Periféricos,2,285.68,2025-02-08 00:00:00
914,Auriculares,Audio,3,234.06,2025-02-08 01:00:00
915,Monitor,Audio,2,185.34,2025-02-08 02:00:00
916,Webcam,Periféricos,4,257.91,2025-02-08 03:00:00
917,Mouse,Audio,1,203.61,2025-02-08 04:00:00
918,Auriculares,Periféricos,3,125.4,2025-02-08 05:00:00
919,Webcam,Video,2,266.26,2025-02-08 06:00:00
920,Monitor,Audio,3,70.46,2025-02-08 07:00:00
921,Mouse,Periféricos,3,215.82,2025-02-08 08:00:00
922,Webcam,Video,2,265.06,2025-02-08 09:00:00
923,Webcam,Video,3,220.74,2025-02-08 10:00:00
924,Webcam,Periféricos,1,210.7,2025-02-08 11:00:00
925,Mouse,Audio,4,227.03,2025-02-08 12:00:00
926,Mouse,Periféricos,4,142.19,2025-02-08 13:00:00
927,Teclado,Video,1,262.88,2025-02-08 14:00:00
928,Monitor,Periféricos,3,65.01,2025-02-08 15:00:00
929,Auriculares,Audio,2,42.58,2025-02-08 16:00:00
930,Webcam,Video,3,89.23,2025-02-08 17:00:00
931,Teclado,Periféricos,1,161.82,2025-02-08 18:00:00
932,Auriculares,Audio,3,155.62,2025-02-08 19:00:00
933,Teclado,Video,4,247.08,2025-02-08 20:00:00
934,Mouse,Audio,3,124.35,2025-02-08 21:00:00
935,Webcam,Video,1,147.88,2025-02-08 22:00:00
936,Auriculares,Periféricos,4,8.94,2025-02-08 23:00:00
937,Auriculares,Audio,3,125.87,2025-02-09 00:00:00
938,Auriculares,Video,3,196.09,2025-02-09 01:00:00
939,Auriculares,Audio,4,9.57,2025-02-09 02:00:00
940,Auriculares,Audio,2,87.86,2025-02-09 03:00:00
941,Teclado,Periféricos,4,66.35,2025-02-09 04:00:00
942,Webcam,Audio,2,17.39,2025-02-09 05:00:00
943,Mouse,Video,1,146.38,2025-02-09 06:00:00
944,Mouse,Video,1,58.61,2025-02-09 07:00:00
945,Mouse,Video,4,224.21,2025-02-09 08:00:00
946,Mouse,Video,4,255.14,2025-02-09 09:00:00
947,Teclado,Periféricos,1,165.95,2025-02-09 10:00:00
948,Monitor,Audio,2,294.6,2025-02-09 11:00:00
949,Webcam,Periféricos,1,137.89,2025-02-09 12:00:00
950,Auriculares,Audio,4,156.44,2025-02-09 13:00:00
951,Monitor,Audio,1,296.82,2025-02-09 14:00:00
952,Mouse,Audio,4,73.31,2025-02-09 15:00:00
953,Monitor,Periféricos,4,283.05,2025-02-09 16:00:00
954,Webcam,Audio,1,17.64,2025-02-09 17:00:00
955,Auriculares,Periféricos,2,136.68,2025-02-09 18:00:00
956,Auriculares,Video,3,25.65,2025-02-09 19:00:00
957,Webcam,Video,1,220.12,2025-02-09 20:00:00
958,Webcam,Audio,3,184.48,2025-02-09 21:00:00
959,Mouse,Periféricos,1,213.46,2025-02-09 22:00:00
960,Auriculares,Video,3,115.47,2025-02-09 23:00:00
961,Monitor,Periféricos,2,114.0,2025-02-10 00:00:00
962,Teclado,Periféricos,2,18.37,2025-02-10 01:00:00
963,Teclado,Audio,1,108.23,2025-02-10 02:00:00
964,Webcam,Video,4,279.14,2025-02-10 03:00:00
965,Mouse,Audio,3,116.87,2025-02-10 04:00:00
966,Teclado,Audio,4,250.25,2025-02-10 05:00:00
967,Auriculares,Video,4,253.49,2025-02-10 06:00:00
968,Webcam,Video,4,115.11,2025-02-10 07:00:00
969,Monitor,Periféricos,2,191.44,2025-02-10 08:00:00
970,Webcam,Video,1,33.13,2025-02-10 09:00:00
971,Monitor,Periféricos,1,35.59,2025-02-10 10:00:00
972,Webcam,Periféricos,2,19.35,2025-02-10 11:00:00
973,Webcam,Periféricos,2,176.4,2025-02-10 12:00:00
974,Webcam,Video,1,130.69,2025-02-10 13:00:00
975,Monitor,Audio,4,166.67,2025-02-10 14:00:00
976,Monitor,Periféricos,3,158.72,2025-02-10 15:00:00
977,Webcam,Audio,3,108.31,2025-02-10 16:00:00
978,Teclado,Audio,3,204.85,2025-02-10 17:00:00
979,Mouse,Video,4,228.76,2025-02-10 18:00:00
980,Mouse,Audio,1,9.32,2025-02-10 19:00:00
981,Mouse,Audio,2,66.14,2025-02-10 20:00:00
982,Monitor,Video,1,215.4,2025-02-10 21:00:00
983,Monitor,Periféricos,4,119.05,2025-02-10 22:00:00
984,Teclado,Audio,2,200.43,2025-02-10 23:00:00
985,Mouse,Video,4,107.35,2025-02-11 00:00:00
986,Mouse,Audio,3,120.27,2025-02-11 01:00:00
987,Webcam,Audio,3,51.81,2025-02-11 02:00:00
988,Monitor,Periféricos,4,81.18,2025-02-11 03:00:00
989,Mouse,Audio,2,183.6,2025-02-11 04:00:00
990,Teclado,Video,2,132.78,2025-02-11 05:00:00
991,Teclado,Audio,1,233.42,2025-02-11 06:00:00
992,Mouse,Periféricos,3,256.51,2025-02-11 07:00:00
993,Monitor,Periféricos,1,164.79,2025-02-11 08:00:00
994,Teclado,Video,1,228.69,2025-02-11 09:00:00
995,Webcam,Periféricos,4,95.54,2025-02-11 10:00:00
996,Teclado,Audio,4,127.42,2025-02-11 11:00:00
997,Auriculares,Periféricos,1,215.27,2025-02-11 12:00:00
998,Auriculares,Video,3,118.93,2025-02-11 13:00:00
999,Monitor,Periféricos,4,178.61,2025-02-11 14:00:00
1000,Mouse,Periféricos,1,59.68,2025-02-11 15:00:00
1001,Monitor,Periféricos,1,181.93,2025-02-11 16:00:00
1002,Monitor,Video,1,259.15,2025-02-11 17:00:00
1003,Monitor,Periféricos,1,261.25,2025-02-11 18:00:00
1004,Monitor,Periféricos,1,218.68,2025-02-11 19:00:00
1005,Webcam,Audio,1,225.0,2025-02-11 20:00:00
1006,Webcam,Video,4,169.59,2025-02-11 21:00:00
1007,Teclado,Periféricos,3,177.48,2025-02-11 22:00:00
1008,Auriculares,Video,1,44.43,2025-02-11 23:00:00
1009,Monitor,Periféricos,2,135.94,2025-02-12 00:00:00
1010,Teclado,Periféricos,4,137.98,2025-02-12 01:00:00
1011,Auriculares,Periféricos,4,287.76,2025-02-12 02:00:00
1012,Mouse,Audio,1,132.17,2025-02-12 03:00:00
1013,Webcam,Audio,4,167.06,2025-02-12 04:00:00
1014,Auriculares,Audio,1,162.31,2025-02-12 05:00:00
1015,Mouse,Video,3,192.84,2025-02-12 06:00:00
1016,Auriculares,Video,3,225.73,2025-02-12 07:00:00
1017,Webcam,Audio,4,71.39,2025-02-12 08:00:00
1018,Webcam,Video,4,160.97,2025-02-12 09:00:00
1019,Teclado,Periféricos,2,248.65,2025-02-12 10:00:00
1020,Monitor,Periféricos,4,141.62,2025-02-12 11:00:00
1021,Auriculares,Periféricos,2,87.14,2025-02-12 12:00:00
1022,Auriculares,Audio,3,198.14,2025-02-12 13:00:00
1023,Mouse,Video,3,248.01,2025-02-12 14:00:00
1024,Webcam,Audio,1,23.63,2025-02-12 15:00:00
1025,Auriculares,Video,3,234.15,2025-02-12 16:00:00
1026,Webcam,Periféricos,2,247.39,2025-02-12 17:00:00
1027,Auriculares,Audio,4,141.15,2025-02-12 18:00:00
1028,Teclado,Video,1,295.08,2025-02-12 19:00:00
1029,Monitor,Video,2,237.08,2025-02-12 20:00:00
1030,Auriculares,Periféricos,4,233.23,2025-02-12 21:00:00
1031,Webcam,Audio,1,225.61,2025-02-12 22:00:00
1032,Teclado,Audio,3,49.43,2025-02-12 23:00:00
1033,Auriculares,Audio,2,69.08,2025-02-13 00:00:00
1034,Mouse,Periféricos,4,141.88,2025-02-13 01:00:00
1035,Monitor,Audio,1,82.88,2025-02-13 02:00:00
1036,Auriculares,Periféricos,1,127.5,2025-02-13 03:00:00
1037,Teclado,Periféricos,3,267.1,2025-02-13 04:00:00
1038,Mouse,Periféricos,4,248.18,2025-02-13 05:00:00
1039,Teclado,Video,3,190.86,2025-02-13 06:00:00
1040,Teclado,Audio,3,258.15,2025-02-13 07:00:00
1041,Mouse,Audio,4,236.21,2025-02-13 08:00:00
1042,Teclado,Periféricos,4,131.55,2025-02-13 09:00:00
1043,Mouse,Periféricos,4,64.31,2025-02-13 10:00:00
1044,Auriculares,Audio,2,156.69,2025-02-13 11:00:00
1045,Mouse,Periféricos,4,222.19,2025-02-13 12:00:00
1046,Mouse,Audio,1,133.74,2025-02-13 13:00:00
1047,Monitor,Video,3,201.7,2025-02-13 14:00:00
1048,Mouse,Periféricos,2,32.83,2025-02-13 15:00:00
1049,Mouse,Audio,4,225.66,2025-02-13 16:00:00
1050,Auriculares,Periféricos,2,244.75,2025-02-13 17:00:00
1051,Monitor,Audio,4,213.52,2025-02-13 18:00:00
1052,Webcam,Audio,2,290.34,2025-02-13 19:00:00
1053,Auriculares,Periféricos,3,248.86,2025-02-13 20:00:00
1054,Auriculares,Video,3,271.41,2025-02-13 21:00:00
1055,Webcam,Audio,1,280.4,2025-02-13 22:00:00
1056,Mouse,Audio,1,241.4,2025-02-13 23:00:00
1057,Teclado,Audio,4,203.91,2025-02-14 00:00:00
1058,Monitor,Video,3,6.69,2025-02-14 01:00:00
1059,Teclado,Video,2,142.42,2025-02-14 02:00:00
1060,Webcam,Periféricos,2,173.49,2025-02-14 03:00:00
1061,Auriculares,Video,2,94.69,2025-02-14 04:00:00
1062,Auriculares,Periféricos,1,98.84,2025-02-14 05:00:00
1063,Monitor,Periféricos,2,288.54,2025-02-14 06:00:00
1064,Auriculares,Video,1,268.05,2025-02-14 07:00:00
1065,Auriculares,Periféricos,1,255.51,2025-02-14 08:00:00
1066,Monitor,Video,4,124.77,2025-02-14 09:00:00
1067,Monitor,Periféricos,2,9.04,2025-02-14 10:00:00
1068,Webcam,Video,2,28.67,2025-02-14 11:00:00
1069,Auriculares,Video,3,97.1,2025-02-14 12:00:00
1070,Auriculares,Periféricos,4,9.64,2025-02-14 13:00:00
1071,Webcam,Audio,3,10.06,2025-02-14 14:00:00
1072,Mouse,Periféricos,4,275.4,2025-02-14 15:00:00
1073,Mouse,Video,2,213.32,2025-02-14 16:00:00
1074,Mouse,Audio,1,96.14,2025-02-14 17:00:00
1075,Webcam,Periféricos,1,44.13,2025-02-14 18:00:00
1076,Auriculares,Periféricos,1,155.93,2025-02-14 19:00:00
1077,Webcam,Periféricos,1,6.58,2025-02-14 20:00:00
1078,Webcam,Audio,1,281.83,2025-02-14 21:00:00
1079,Mouse,Video,3,127.37,2025-02-14 22:00:00
1080,Teclado,Periféricos,4,123.69,2025-02-14 23:00:00
1081,Auriculares,Periféricos,2,120.23,2025-02-15 00:00:00
1082,Mouse,Periféricos,3,25.45,2025-02-15 01:00:00
1083,Teclado,Periféricos,4,193.31,2025-02-15 02:00:00
1084,Teclado,Periféricos,1,221.24,2025-02-15 03:00:00
1085,Monitor,Video,4,204.46,2025-02-15 04:00:00
1086,Auriculares,Video,4,45.84,2025-02-15 05:00:00
1087,Teclado,Periféricos,1,175.76,2025-02-15 06:00:00
1088,Mouse,Audio,1,173.0,2025-02-15 07:00:00
1089,Monitor,Video,1,261.18,2025-02-15 08:00:00
1090,Auriculares,Audio,2,116.84,2025-02-15 09:00:00
1091,Webcam,Video,1,114.59,2025-02-15 10:00:00
1092,Mouse,Periféricos,2,187.47,2025-02-15 11:00:00
1093,Teclado,Video,1,191.76,2025-02-15 12:00:00
1094,Teclado,Periféricos,2,143.44,2025-02-15 13:00:00
1095,Mouse,Video,4,135.7,2025-02-15 14:00:00
1096,Teclado,Periféricos,3,150.77,2025-02-15 15:00:00
1097,Monitor,Periféricos,4,259.01,2025-02-15 16:00:00
1098,Auriculares,Periféricos,4,141.04,2025-02-15 17:00:00
1099,Monitor,Periféricos,1,282.28,2025-02-15 18:00:00
1100,Teclado,Audio,2,153.68,2025-02-15 19:00:00
1101,Webcam,Periféricos,3,285.01,2025-02-15 20:00:00
1102,Auriculares,Audio,1,250.69,2025-02-15 21:00:00
1103,Auriculares,Audio,1,111.92,2025-02-15 22:00:00
1104,Mouse,Periféricos,1,259.77,2025-02-15 23:00:00
1105,Mouse,Audio,4,37.47,2025-02-16 00:00:00
1106,Webcam,Video,2,277.89,2025-02-16 01:00:00
1107,Auriculares,Periféricos,2,191.33,2025-02-16 02:00:00
1108,Webcam,Audio,3,21.05,2025-02-16 03:00:00
1109,Mouse,Periféricos,2,195.06,2025-02-16 04:00:00
1110,Mouse,Periféricos,2,292.4,2025-02-16 05:00:00
1111,Auriculares,Periféricos,1,25.59,2025-02-16 06:00:00
1112,Monitor,Audio,1,168.63,2025-02-16 07:00:00
1113,Teclado,Video,4,225.6,2025-02-16 08:00:00
1114,Mouse,Video,1,244.03,2025-02-16 09:00:00
1115,Mouse,Audio,1,127.08,2025-02-16 10:00:00
1116,Monitor,Periféricos,1,65.23,2025-02-16 11:00:00
1117,Monitor,Audio,1,17.49,2025-02-16 12:00:00
1118,Webcam,Audio,4,176.02,2025-02-16 13:00:00
1119,Webcam,Audio,1,138.61,2025-02-16 14:00:00
1120,Teclado,Periféricos,3,284.88,2025-02-16 15:00:00
1121,Teclado,Audio,3,22.88,2025-02-16 16:00:00
1122,Auriculares,Periféricos,3,207.19,2025-02-16 17:00:00
1123,Webcam,Audio,3,12.37,2025-02-16 18:00:00
1124,Mouse,Video,1,55.57,2025-02-16 19:00:00
1125,Webcam,Audio,3,138.81,2025-02-16 20:00:00
1126,Mouse,Audio,1,139.19,2025-02-16 21:00:00
1127,Monitor,Video,4,207.28,2025-02-16 22:00:00
1128,Webcam,Periféricos,3,273.51,2025-02-16 23:00:00
1129,Monitor,Periféricos,2,193.51,2025-02-17 00:00:00
1130,Teclado,Audio,3,286.29,2025-02-17 01:00:00
1131,Teclado,Video,3,265.08,2025-02-17 02:00:00
1132,Auriculares,Periféricos,1,177.43,2025-02-17 03:00:00
1133,Webcam,Audio,3,250.97,2025-02-17 04:00:00
1134,Monitor,Video,2,194.56,2025-02-17 05:00:00
1135,Mouse,Periféricos,1,28.17,2025-02-17 06:00:00
1136,Teclado,Periféricos,1,223.47,2025-02-17 07:00:00
1137,Teclado,Video,4,33.0,2025-02-17 08:00:00
1138,Mouse,Video,4,180.25,2025-02-17 09:00:00
1139,Monitor,Video,3,212.28,2025-02-17 10:00:00
1140,Monitor,Video,4,24.63,2025-02-17 11:00:00
1141,Webcam,Audio,4,73.08,2025-02-17 12:00:00
1142,Webcam,Video,4,275.12,2025-02-17 13:00:00
1143,Auriculares,Periféricos,1,186.81,2025-02-17 14:00:00
1144,Teclado,Periféricos,1,77.65,2025-02-17 15:00:00
1145,Webcam,Audio,1,208.75,2025-02-17 16:00:00
1146,Monitor,Periféricos,4,181.05,2025-02-17 17:00:00
1147,Mouse,Periféricos,1,152.96,2025-02-17 18:00:00
1148,Monitor,Video,4,292.98,2025-02-17 19:00:00
1149,Teclado,Periféricos,1,206.62,2025-02-17 20:00:00
1150,Monitor,Audio,1,115.76,2025-02-17 21:00:00
1151,Auriculares,Video,2,241.02,2025-02-17 22:00:00
1152,Teclado,Video,3,265.95,2025-02-17 23:00:00
1153,Mouse,Audio,4,41.94,2025-02-18 00:00:00
1154,Auriculares,Video,2,64.16,2025-02-18 01:00:00
1155,Teclado,Video,1,68.79,2025-02-18 02:00:00
1156,Mouse,Audio,4,208.91,2025-02-18 03:00:00
1157,Auriculares,Video,1,182.9,2025-02-18 04:00:00
1158,Auriculares,Audio,3,187.6,2025-02-18 05:00:00
1159,Teclado,Audio,2,282.53,2025-02-18 06:00:00
1160,Webcam,Periféricos,3,233.89,2025-02-18 07:00:00
1161,Auriculares,Periféricos,2,42.74,2025-02-18 08:00:00
1162,Auriculares,Video,1,107.51,2025-02-18 09:00:00
1163,Mouse,Video,3,133.44,2025-02-18 10:00:00
1164,Monitor,Audio,3,121.81,2025-02-18 11:00:00
1165,Teclado,Video,1,202.45,2025-02-18 12:00:00
1166,Teclado,Audio,3,268.11,2025-02-18 13:00:00
1167,Webcam,Audio,4,95.29,2025-02-18 14:00:00
1168,Webcam,Video,2,167.8,2025-02-18 15:00:00
1169,Teclado,Audio,2,237.88,2025-02-18 16:00:00
1170,Webcam,Periféricos,2,127.78,2025-02-18 17:00:00
1171,Mouse,Video,4,54.59,2025-02-18 18:00:00
1172,Teclado,Periféricos,2,145.11,2025-02-18 19:00:00
1173,Webcam,Video,1,21.29,2025-02-18 20:00:00
1174,Teclado,Audio,3,283.0,2025-02-18 21:00:00
1175,Monitor,Video,4,27.07,2025-02-18 22:00:00
1176,Auriculares,Periféricos,2,134.34,2025-02-18 23:00:00
1177,Teclado,Audio,1,161.31,2025-02-19 00:00:00
1178,Auriculares,Video,3,295.66,2025-02-19 01:00:00
1179,Webcam,Video,3,53.98,2025-02-19 02:00:00
1180,Auriculares,Video,4,38.76,2025-02-19 03:00:00
1181,Teclado,Periféricos,4,7.57,2025-02-19 04:00:00
1182,Monitor,Periféricos,4,50.89,2025-02-19 05:00:00
1183,Webcam,Video,1,66.15,2025-02-19 06:00:00
1184,Teclado,Audio,1,191.02,2025-02-19 07:00:00
1185,Webcam,Audio,4,69.81,2025-02-19 08:00:00
1186,Mouse,Periféricos,2,11.05,2025-02-19 09:00:00
1187,Auriculares,Audio,3,248.85,2025-02-19 10:00:00
1188,Mouse,Periféricos,3,112.85,2025-02-19 11:00:00
1189,Teclado,Video,1,109.34,2025-02-19 12:00:00
1190,Monitor,Periféricos,3,94.23,2025-02-19 13:00:00
1191,Webcam,Periféricos,2,292.74,2025-02-19 14:00:00
1192,Auriculares,Video,3,55.18,2025-02-19 15:00:00
1193,Webcam,Audio,1,269.98,2025-02-19 16:00:00
1194,Teclado,Periféricos,1,234.16,2025-02-19 17:00:00
1195,Webcam,Periféricos,2,27.56,2025-02-19 18:00:00
1196,Auriculares,Video,2,296.09,2025-02-19 19:00:00
1197,Teclado,Audio,3,85.05,2025-02-19 20:00:00
1198,Webcam,Periféricos,3,34.08,2025-02-19 21:00:00
1199,Monitor,Video,1,249.65,2025-02-19 22:00:00
1200,Teclado,Periféricos,2,213.47,2025-02-19 23:00:00
